Stock_name,Stock_Info_name,Stock_Info_number,Stock_Stock_name,Stock_Stock_Info_name,Stock_Stock_Info_number,Stock_Stock_Stock_name,Stock_Stock_Stock_Info_name,Stock_Stock_Stock_Info_number,Stock_Stock_Stock_Stock_name,Stock_Stock_Stock_Stock_Info_name,Stock_Stock_Stock_Stock_Info_number,Stock_Stock_Stock_Stock_Stock_name,Stock_Stock_Stock_Stock_Stock_Info_name,Stock_Stock_Stock_Stock_Stock_Info_number,Stock_Stock_Stock_Stock_Stock_Stock_name,Stock_Stock_Stock_Stock_Stock_Stock_Info_name,Stock_Stock_Stock_Stock_Stock_Stock_Info_number,Stock_Stock_Stock_Stock_Stock_Stock_Stock_name,Stock_Stock_Stock_Stock_Stock_Stock_Stock_Info_name,Stock_Stock_Stock_Stock_Stock_Stock_Stock_Info_number,Stock_Stock_Stock_Stock_Stock_Stock_Stock_Stock_name,Stock_Stock_Stock_Stock_Stock_Stock_Stock_Stock_Info_name,Stock_Stock_Stock_Stock_Stock_Stock_Stock_Stock_Info_number,Stock_Stock_Stock_Stock_Stock_Stock_Stock_Stock_Stock_name,Stock_Stock_Stock_Stock_Stock_Stock_Stock_Stock_Stock_Info_name,Stock_Stock_Stock_Stock_Stock_Stock_Stock_Stock_Stock_Info_number,Stock_Stock_Stock_Stock_Stock_Stock_Stock_Stock_Stock_Stock_name,Stock_Stock_Stock_Stock_Stock_Stock_Stock_Stock_Stock_Stock_Info_name,Stock_Stock_Stock_Stock_Stock_Stock_Stock_Stock_Stock_Stock_Info_number,Stock_Stock_Stock_Stock_Stock_Stock_Stock_Stock_Stock_Stock_Stock_name,Stock_Stock_Stock_Stock_Stock_Stock_Stock_Stock_Stock_Stock_Stock_Info_name,Stock_Stock_Stock_Stock_Stock_Stock_Stock_Stock_Stock_Stock_Stock_Info_number,Stock_Stock_Stock_Stock_Stock_Stock_Stock_Stock_Stock_Stock_Stock_Stock_name
AbbVie,Prev. Close,79.56,,,,,,,,,,,,,,,,,,,,,,,,,,,,,,,
AbbVie,Day's Range,79.27 - 83.83,,,,,,,,,,,,,,,,,,,,,,,,,,,,,,,
AbbVie,Revenue,32.19B,,,,,,,,,,,,,,,,,,,,,,,,,,,,,,,
AbbVie,Open,79.45,,,,,,,,,,,,,,,,,,,,,,,,,,,,,,,
AbbVie,52 wk Range,77.5 - 125.86,,,,,,,,,,,,,,,,,,,,,,,,,,,,,,,
AbbVie,EPS,5.09,,,,,,,,,,,,,,,,,,,,,,,,,,,,,,,
AbbVie,Volume,"10,315,683",,,,,,,,,,,,,,,,,,,,,,,,,,,,,,,
AbbVie,Market Cap,125.05B,,,,,,,,,,,,,,,,,,,,,,,,,,,,,,,
AbbVie,Dividend (Yield),3.84 (4.63%),,,,,,,,,,,,,,,,,,,,,,,,,,,,,,,
AbbVie,Average Vol. (3m),"5,595,511",,,,,,,,,,,,,,,,,,,,,,,,,,,,,,,
AbbVie,P/E Ratio,16.24,,,,,,,,,,,,,,,,,,,,,,,,,,,,,,,
AbbVie,Beta,1.66,,,,,,,,,,,,,,,,,,,,,,,,,,,,,,,
AbbVie,1-Year Change,-10.54%,,,,,,,,,,,,,,,,,,,,,,,,,,,,,,,
AbbVie,Shares Outstanding,"1,514,272,698",,,,,,,,,,,,,,,,,,,,,,,,,,,,,,,
AbbVie,Next Earnings Date,24-Jan-19,,,,,,,,,,,,,,,,,,,,,,,,,,,,,,,
,,,Apple,Prev. Close,207.48,,,,,,,,,,,,,,,,,,,,,,,,,,,,
,,,Apple,Day's Range,198.17 - 204.39,,,,,,,,,,,,,,,,,,,,,,,,,,,,
,,,Apple,Revenue,265.6B,,,,,,,,,,,,,,,,,,,,,,,,,,,,
,,,Apple,Open,204.3,,,,,,,,,,,,,,,,,,,,,,,,,,,,
,,,Apple,52 wk Range,150.24 - 233.47,,,,,,,,,,,,,,,,,,,,,,,,,,,,
,,,Apple,EPS,12.15,,,,,,,,,,,,,,,,,,,,,,,,,,,,
,,,Apple,Volume,"66,163,669",,,,,,,,,,,,,,,,,,,,,,,,,,,,
,,,Apple,Market Cap,973.66B,,,,,,,,,,,,,,,,,,,,,,,,,,,,
,,,Apple,Dividend (Yield),2.92 (1.31%),,,,,,,,,,,,,,,,,,,,,,,,,,,,
,,,Apple,Average Vol. (3m),"24,817,486",,,,,,,,,,,,,,,,,,,,,,,,,,,,
,,,Apple,P/E Ratio,16.6,,,,,,,,,,,,,,,,,,,,,,,,,,,,
,,,Apple,Beta,1.22,,,,,,,,,,,,,,,,,,,,,,,,,,,,
,,,Apple,1-Year Change,16.86%,,,,,,,,,,,,,,,,,,,,,,,,,,,,
,,,Apple,Shares Outstanding,"4,754,986,000",,,,,,,,,,,,,,,,,,,,,,,,,,,,
,,,Apple,Next Earnings Date,30-Jan-19,,,,,,,,,,,,,,,,,,,,,,,,,,,,
,,,,,,Apple,,,,,,,,,,,,,,,,,,,,,,,,,,,
,,,,,,Yes Bank,Prev. Close,210.1,,,,,,,,,,,,,,,,,,,,,,,,,
,,,,,,Yes Bank,Day's Range,211 - 217.9,,,,,,,,,,,,,,,,,,,,,,,,,
,,,,,,Yes Bank,Revenue,N/A,,,,,,,,,,,,,,,,,,,,,,,,,
,,,,,,Yes Bank,Open,212.25,,,,,,,,,,,,,,,,,,,,,,,,,
,,,,,,Yes Bank,52 wk Range,165 - 404,,,,,,,,,,,,,,,,,,,,,,,,,
,,,,,,Yes Bank,EPS,7.1,,,,,,,,,,,,,,,,,,,,,,,,,
,,,,,,Yes Bank,Volume,"21,969,319",,,,,,,,,,,,,,,,,,,,,,,,,
,,,,,,Yes Bank,Market Cap,485.57B,,,,,,,,,,,,,,,,,,,,,,,,,
,,,,,,Yes Bank,Dividend (Yield),1.2 (1.29%),,,,,,,,,,,,,,,,,,,,,,,,,
,,,,,,Yes Bank,Average Vol. (3m),"46,601,239",,,,,,,,,,,,,,,,,,,,,,,,,
,,,,,,Yes Bank,P/E Ratio,29.58,,,,,,,,,,,,,,,,,,,,,,,,,
,,,,,,Yes Bank,Beta,2.06,,,,,,,,,,,,,,,,,,,,,,,,,
,,,,,,Yes Bank,1-Year Change,-35.54%,,,,,,,,,,,,,,,,,,,,,,,,,
,,,,,,Yes Bank,Shares Outstanding,"2,311,158,960",,,,,,,,,,,,,,,,,,,,,,,,,
,,,,,,Yes Bank,Next Earnings Date,16-Jan-19,,,,,,,,,,,,,,,,,,,,,,,,,
,,,,,,,,,Apple,,,,,,,,,,,,,,,,,,,,,,,,
,,,,,,,,,Yes Bank,,,,,,,,,,,,,,,,,,,,,,,,
,,,,,,,,,Tata Motors,Prev. Close,189.8,,,,,,,,,,,,,,,,,,,,,,
,,,,,,,,,Tata Motors,Day's Range,192.45 - 199.95,,,,,,,,,,,,,,,,,,,,,,
,,,,,,,,,Tata Motors,Revenue,"3,046.29B",,,,,,,,,,,,,,,,,,,,,,
,,,,,,,,,Tata Motors,Open,192.45,,,,,,,,,,,,,,,,,,,,,,
,,,,,,,,,Tata Motors,52 wk Range,164.6 - 465.9,,,,,,,,,,,,,,,,,,,,,,
,,,,,,,,,Tata Motors,EPS,1.09,,,,,,,,,,,,,,,,,,,,,,
,,,,,,,,,Tata Motors,Volume,"28,123,036",,,,,,,,,,,,,,,,,,,,,,
,,,,,,,,,Tata Motors,Market Cap,599.96B,,,,,,,,,,,,,,,,,,,,,,
,,,,,,,,,Tata Motors,Dividend (Yield),N/A (N/A),,,,,,,,,,,,,,,,,,,,,,
,,,,,,,,,Tata Motors,Average Vol. (3m),"16,517,815",,,,,,,,,,,,,,,,,,,,,,
,,,,,,,,,Tata Motors,P/E Ratio,173.78,,,,,,,,,,,,,,,,,,,,,,
,,,,,,,,,Tata Motors,Beta,1.64,,,,,,,,,,,,,,,,,,,,,,
,,,,,,,,,Tata Motors,1-Year Change,-57.61%,,,,,,,,,,,,,,,,,,,,,,
,,,,,,,,,Tata Motors,Shares Outstanding,"3,395,851,065",,,,,,,,,,,,,,,,,,,,,,
,,,,,,,,,Tata Motors,Next Earnings Date,15-Feb-19,,,,,,,,,,,,,,,,,,,,,,
,,,,,,,,,,,,Apple,,,,,,,,,,,,,,,,,,,,,
,,,,,,,,,,,,Yes Bank,,,,,,,,,,,,,,,,,,,,,
,,,,,,,,,,,,Tata Motors,,,,,,,,,,,,,,,,,,,,,
,,,,,,,,,,,,SBI,Prev. Close,294.95,,,,,,,,,,,,,,,,,,,
,,,,,,,,,,,,SBI,Day's Range,283.9 - 298.3,,,,,,,,,,,,,,,,,,,
,,,,,,,,,,,,SBI,Revenue,"1,542.96B",,,,,,,,,,,,,,,,,,,
,,,,,,,,,,,,SBI,Open,296.1,,,,,,,,,,,,,,,,,,,
,,,,,,,,,,,,SBI,52 wk Range,232.35 - 346.7,,,,,,,,,,,,,,,,,,,
,,,,,,,,,,,,SBI,EPS,-13.58,,,,,,,,,,,,,,,,,,,
,,,,,,,,,,,,SBI,Volume,"32,032,510",,,,,,,,,,,,,,,,,,,
,,,,,,,,,,,,SBI,Market Cap,"2,632.31B",,,,,,,,,,,,,,,,,,,
,,,,,,,,,,,,SBI,Dividend (Yield),N/A (N/A),,,,,,,,,,,,,,,,,,,
,,,,,,,,,,,,SBI,Average Vol. (3m),"28,460,038",,,,,,,,,,,,,,,,,,,
,,,,,,,,,,,,SBI,P/E Ratio,N/A,,,,,,,,,,,,,,,,,,,
,,,,,,,,,,,,SBI,Beta,1.75,,,,,,,,,,,,,,,,,,,
,,,,,,,,,,,,SBI,1-Year Change,-9.25%,,,,,,,,,,,,,,,,,,,
,,,,,,,,,,,,SBI,Shares Outstanding,"8,924,587,534",,,,,,,,,,,,,,,,,,,
,,,,,,,,,,,,SBI,Next Earnings Date,6-Nov-18,,,,,,,,,,,,,,,,,,,
,,,,,,,,,,,,,,,Apple,,,,,,,,,,,,,,,,,,
,,,,,,,,,,,,,,,Yes Bank,,,,,,,,,,,,,,,,,,
,,,,,,,,,,,,,,,Tata Motors,,,,,,,,,,,,,,,,,,
,,,,,,,,,,,,,,,SBI,,,,,,,,,,,,,,,,,,
,,,,,,,,,,,,,,,Amazon.com,Prev. Close,"1,665.53",,,,,,,,,,,,,,,,
,,,,,,,,,,,,,,,Amazon.com,Day's Range,"1,596.36 - 1,658.09",,,,,,,,,,,,,,,,
,,,,,,,,,,,,,,,Amazon.com,Revenue,220.96B,,,,,,,,,,,,,,,,
,,,,,,,,,,,,,,,Amazon.com,Open,"1,657.57",,,,,,,,,,,,,,,,
,,,,,,,,,,,,,,,Amazon.com,52 wk Range,"1,115.77 - 2,050.5",,,,,,,,,,,,,,,,
,,,,,,,,,,,,,,,Amazon.com,EPS,16.25,,,,,,,,,,,,,,,,
,,,,,,,,,,,,,,,Amazon.com,Volume,"5,624,727",,,,,,,,,,,,,,,,
,,,,,,,,,,,,,,,Amazon.com,Market Cap,795.94B,,,,,,,,,,,,,,,,
,,,,,,,,,,,,,,,Amazon.com,Dividend (Yield),N/A (N/A),,,,,,,,,,,,,,,,
,,,,,,,,,,,,,,,Amazon.com,Average Vol. (3m),"4,303,554",,,,,,,,,,,,,,,,
,,,,,,,,,,,,,,,Amazon.com,P/E Ratio,100.19,,,,,,,,,,,,,,,,
,,,,,,,,,,,,,,,Amazon.com,Beta,1.71,,,,,,,,,,,,,,,,
,,,,,,,,,,,,,,,Amazon.com,1-Year Change,46.44%,,,,,,,,,,,,,,,,
,,,,,,,,,,,,,,,Amazon.com,Shares Outstanding,"488,968,628",,,,,,,,,,,,,,,,
,,,,,,,,,,,,,,,Amazon.com,Next Earnings Date,30-Jan-19,,,,,,,,,,,,,,,,
,,,,,,,,,,,,,,,,,,Apple,,,,,,,,,,,,,,,
,,,,,,,,,,,,,,,,,,Yes Bank,,,,,,,,,,,,,,,
,,,,,,,,,,,,,,,,,,Tata Motors,,,,,,,,,,,,,,,
,,,,,,,,,,,,,,,,,,SBI,,,,,,,,,,,,,,,
,,,,,,,,,,,,,,,,,,Amazon.com,,,,,,,,,,,,,,,
,,,,,,,,,,,,,,,,,,Cipla,Prev. Close,563.05,,,,,,,,,,,,,
,,,,,,,,,,,,,,,,,,Cipla,Day's Range,527.35 - 555,,,,,,,,,,,,,
,,,,,,,,,,,,,,,,,,Cipla,Revenue,155.63B,,,,,,,,,,,,,
,,,,,,,,,,,,,,,,,,Cipla,Open,555,,,,,,,,,,,,,
,,,,,,,,,,,,,,,,,,Cipla,52 wk Range,507.2 - 678.45,,,,,,,,,,,,,
,,,,,,,,,,,,,,,,,,Cipla,EPS,17.45,,,,,,,,,,,,,
,,,,,,,,,,,,,,,,,,Cipla,Volume,"14,191,743",,,,,,,,,,,,,
,,,,,,,,,,,,,,,,,,Cipla,Market Cap,453.4B,,,,,,,,,,,,,
,,,,,,,,,,,,,,,,,,Cipla,Dividend (Yield),3.00 (0.48%),,,,,,,,,,,,,
,,,,,,,,,,,,,,,,,,Cipla,Average Vol. (3m),"2,633,383",,,,,,,,,,,,,
,,,,,,,,,,,,,,,,,,Cipla,P/E Ratio,32.27,,,,,,,,,,,,,
,,,,,,,,,,,,,,,,,,Cipla,Beta,0.54,,,,,,,,,,,,,
,,,,,,,,,,,,,,,,,,Cipla,1-Year Change,-12.04%,,,,,,,,,,,,,
,,,,,,,,,,,,,,,,,,Cipla,Shares Outstanding,"805,252,150",,,,,,,,,,,,,
,,,,,,,,,,,,,,,,,,Cipla,Next Earnings Date,6-Nov-18,,,,,,,,,,,,,
,,,,,,,,,,,,,,,,,,,,,Apple,,,,,,,,,,,,
,,,,,,,,,,,,,,,,,,,,,Yes Bank,,,,,,,,,,,,
,,,,,,,,,,,,,,,,,,,,,Tata Motors,,,,,,,,,,,,
,,,,,,,,,,,,,,,,,,,,,SBI,,,,,,,,,,,,
,,,,,,,,,,,,,,,,,,,,,Amazon.com,,,,,,,,,,,,
,,,,,,,,,,,,,,,,,,,,,Cipla,,,,,,,,,,,,
,,,,,,,,,,,,,,,,,,,,,Facebook,Prev. Close,150.35,,,,,,,,,,
,,,,,,,,,,,,,,,,,,,,,Facebook,Day's Range,147.44 - 150.19,,,,,,,,,,
,,,,,,,,,,,,,,,,,,,,,Facebook,Revenue,51.9B,,,,,,,,,,
,,,,,,,,,,,,,,,,,,,,,Facebook,Open,150.1,,,,,,,,,,
,,,,,,,,,,,,,,,,,,,,,Facebook,52 wk Range,139.03 - 218.62,,,,,,,,,,
,,,,,,,,,,,,,,,,,,,,,Facebook,EPS,7.41,,,,,,,,,,
,,,,,,,,,,,,,,,,,,,,,Facebook,Volume,"15,969,849",,,,,,,,,,
,,,,,,,,,,,,,,,,,,,,,Facebook,Market Cap,427.27B,,,,,,,,,,
,,,,,,,,,,,,,,,,,,,,,Facebook,Dividend (Yield),N/A (N/A),,,,,,,,,,
,,,,,,,,,,,,,,,,,,,,,Facebook,Average Vol. (3m),"24,416,101",,,,,,,,,,
,,,,,,,,,,,,,,,,,,,,,Facebook,P/E Ratio,20.07,,,,,,,,,,
,,,,,,,,,,,,,,,,,,,,,Facebook,Beta,0.6,,,,,,,,,,
,,,,,,,,,,,,,,,,,,,,,Facebook,1-Year Change,-16.90%,,,,,,,,,,
,,,,,,,,,,,,,,,,,,,,,Facebook,Shares Outstanding,"2,873,787,612",,,,,,,,,,
,,,,,,,,,,,,,,,,,,,,,Facebook,Next Earnings Date,29-Jan-19,,,,,,,,,,
,,,,,,,,,,,,,,,,,,,,,,,,Apple,,,,,,,,,
,,,,,,,,,,,,,,,,,,,,,,,,Yes Bank,,,,,,,,,
,,,,,,,,,,,,,,,,,,,,,,,,Tata Motors,,,,,,,,,
,,,,,,,,,,,,,,,,,,,,,,,,SBI,,,,,,,,,
,,,,,,,,,,,,,,,,,,,,,,,,Amazon.com,,,,,,,,,
,,,,,,,,,,,,,,,,,,,,,,,,Cipla,,,,,,,,,
,,,,,,,,,,,,,,,,,,,,,,,,Facebook,,,,,,,,,
,,,,,,,,,,,,,,,,,,,,,,,,Tesla,Prev. Close,346.41,,,,,,,
,,,,,,,,,,,,,,,,,,,,,,,,Tesla,Day's Range,330.14 - 343.96,,,,,,,
,,,,,,,,,,,,,,,,,,,,,,,,Tesla,Revenue,17.52B,,,,,,,
,,,,,,,,,,,,,,,,,,,,,,,,Tesla,Open,340.5,,,,,,,
,,,,,,,,,,,,,,,,,,,,,,,,Tesla,52 wk Range,244.59 - 387.46,,,,,,,
,,,,,,,,,,,,,,,,,,,,,,,,Tesla,EPS,-6.39,,,,,,,
,,,,,,,,,,,,,,,,,,,,,,,,Tesla,Volume,"7,831,048",,,,,,,
,,,,,,,,,,,,,,,,,,,,,,,,Tesla,Market Cap,58.63B,,,,,,,
,,,,,,,,,,,,,,,,,,,,,,,,Tesla,Dividend (Yield),N/A (N/A),,,,,,,
,,,,,,,,,,,,,,,,,,,,,,,,Tesla,Average Vol. (3m),"10,199,811",,,,,,,
,,,,,,,,,,,,,,,,,,,,,,,,Tesla,P/E Ratio,N/A,,,,,,,
,,,,,,,,,,,,,,,,,,,,,,,,Tesla,Beta,0.59,,,,,,,
,,,,,,,,,,,,,,,,,,,,,,,,Tesla,1-Year Change,11.54%,,,,,,,
,,,,,,,,,,,,,,,,,,,,,,,,Tesla,Shares Outstanding,"171,732,775",,,,,,,
,,,,,,,,,,,,,,,,,,,,,,,,Tesla,Next Earnings Date,5-Feb-19,,,,,,,
,,,,,,,,,,,,,,,,,,,,,,,,,,,Apple,,,,,,
,,,,,,,,,,,,,,,,,,,,,,,,,,,Yes Bank,,,,,,
,,,,,,,,,,,,,,,,,,,,,,,,,,,Tata Motors,,,,,,
,,,,,,,,,,,,,,,,,,,,,,,,,,,SBI,,,,,,
,,,,,,,,,,,,,,,,,,,,,,,,,,,Amazon.com,,,,,,
,,,,,,,,,,,,,,,,,,,,,,,,,,,Cipla,,,,,,
,,,,,,,,,,,,,,,,,,,,,,,,,,,Facebook,,,,,,
,,,,,,,,,,,,,,,,,,,,,,,,,,,Tesla,,,,,,
,,,,,,,,,,,,,,,,,,,,,,,,,,,Dewan Housing,Prev. Close,220.35,,,,
,,,,,,,,,,,,,,,,,,,,,,,,,,,Dewan Housing,Day's Range,223.55 - 234.5,,,,
,,,,,,,,,,,,,,,,,,,,,,,,,,,Dewan Housing,Revenue,N/A,,,,
,,,,,,,,,,,,,,,,,,,,,,,,,,,Dewan Housing,Open,223.55,,,,
,,,,,,,,,,,,,,,,,,,,,,,,,,,Dewan Housing,52 wk Range,176.1 - 691.5,,,,
,,,,,,,,,,,,,,,,,,,,,,,,,,,Dewan Housing,EPS,23.73,,,,
,,,,,,,,,,,,,,,,,,,,,,,,,,,Dewan Housing,Volume,"12,399,867",,,,
,,,,,,,,,,,,,,,,,,,,,,,,,,,Dewan Housing,Market Cap,69.15B,,,,
,,,,,,,,,,,,,,,,,,,,,,,,,,,Dewan Housing,Dividend (Yield),8 (2.5%),,,,
,,,,,,,,,,,,,,,,,,,,,,,,,,,Dewan Housing,Average Vol. (3m),"24,127,221",,,,
,,,,,,,,,,,,,,,,,,,,,,,,,,,Dewan Housing,P/E Ratio,9.28,,,,
,,,,,,,,,,,,,,,,,,,,,,,,,,,Dewan Housing,Beta,2.44,,,,
,,,,,,,,,,,,,,,,,,,,,,,,,,,Dewan Housing,1-Year Change,-66.90%,,,,
,,,,,,,,,,,,,,,,,,,,,,,,,,,Dewan Housing,Shares Outstanding,"313,798,591",,,,
,,,,,,,,,,,,,,,,,,,,,,,,,,,Dewan Housing,Next Earnings Date,6-Nov-18,,,,
,,,,,,,,,,,,,,,,,,,,,,,,,,,,,,Apple,,,
,,,,,,,,,,,,,,,,,,,,,,,,,,,,,,Yes Bank,,,
,,,,,,,,,,,,,,,,,,,,,,,,,,,,,,Tata Motors,,,
,,,,,,,,,,,,,,,,,,,,,,,,,,,,,,SBI,,,
,,,,,,,,,,,,,,,,,,,,,,,,,,,,,,Amazon.com,,,
,,,,,,,,,,,,,,,,,,,,,,,,,,,,,,Cipla,,,
,,,,,,,,,,,,,,,,,,,,,,,,,,,,,,Facebook,,,
,,,,,,,,,,,,,,,,,,,,,,,,,,,,,,Tesla,,,
,,,,,,,,,,,,,,,,,,,,,,,,,,,,,,Dewan Housing,,,
,,,,,,,,,,,,,,,,,,,,,,,,,,,,,,Alibaba,Prev. Close,147.59,
,,,,,,,,,,,,,,,,,,,,,,,,,,,,,,Alibaba,Day's Range,144.23 - 149.37,
,,,,,,,,,,,,,,,,,,,,,,,,,,,,,,Alibaba,Revenue,40.78B,
,,,,,,,,,,,,,,,,,,,,,,,,,,,,,,Alibaba,Open,146.22,
,,,,,,,,,,,,,,,,,,,,,,,,,,,,,,Alibaba,52 wk Range,130.06 - 211.7,
,,,,,,,,,,,,,,,,,,,,,,,,,,,,,,Alibaba,EPS,3.32,
,,,,,,,,,,,,,,,,,,,,,,,,,,,,,,Alibaba,Volume,"16,197,269",
,,,,,,,,,,,,,,,,,,,,,,,,,,,,,,Alibaba,Market Cap,374.93B,
,,,,,,,,,,,,,,,,,,,,,,,,,,,,,,Alibaba,Dividend (Yield),N/A (N/A),
,,,,,,,,,,,,,,,,,,,,,,,,,,,,,,Alibaba,Average Vol. (3m),"25,190,018",
,,,,,,,,,,,,,,,,,,,,,,,,,,,,,,Alibaba,P/E Ratio,43.51,
,,,,,,,,,,,,,,,,,,,,,,,,,,,,,,Alibaba,Beta,2.36,
,,,,,,,,,,,,,,,,,,,,,,,,,,,,,,Alibaba,1-Year Change,-21.05%,
,,,,,,,,,,,,,,,,,,,,,,,,,,,,,,Alibaba,Shares Outstanding,"2,592,184,258",
,,,,,,,,,,,,,,,,,,,,,,,,,,,,,,Alibaba,Next Earnings Date,30-Jan-19,
,,,,,,,,,,,,,,,,,,,,,,,,,,,,,,,,,Apple
,,,,,,,,,,,,,,,,,,,,,,,,,,,,,,,,,Yes Bank
,,,,,,,,,,,,,,,,,,,,,,,,,,,,,,,,,Tata Motors
,,,,,,,,,,,,,,,,,,,,,,,,,,,,,,,,,SBI
,,,,,,,,,,,,,,,,,,,,,,,,,,,,,,,,,Amazon.com
,,,,,,,,,,,,,,,,,,,,,,,,,,,,,,,,,Cipla
,,,,,,,,,,,,,,,,,,,,,,,,,,,,,,,,,Facebook
,,,,,,,,,,,,,,,,,,,,,,,,,,,,,,,,,Tesla
,,,,,,,,,,,,,,,,,,,,,,,,,,,,,,,,,Dewan Housing
,,,,,,,,,,,,,,,,,,,,,,,,,,,,,,,,,Alibaba
,,,,,,,,,,,,,,,,,,,,,,,,,,,Alibaba,,,,,,
,,,,,,,,,,,,,,,,,,,,,,,,Dewan Housing,,,,,,,,,
,,,,,,,,,,,,,,,,,,,,,,,,Alibaba,,,,,,,,,
,,,,,,,,,,,,,,,,,,,,,Tesla,,,,,,,,,,,,
,,,,,,,,,,,,,,,,,,,,,Dewan Housing,,,,,,,,,,,,
,,,,,,,,,,,,,,,,,,,,,Alibaba,,,,,,,,,,,,
,,,,,,,,,,,,,,,,,,Facebook,,,,,,,,,,,,,,,
,,,,,,,,,,,,,,,,,,Tesla,,,,,,,,,,,,,,,
,,,,,,,,,,,,,,,,,,Dewan Housing,,,,,,,,,,,,,,,
,,,,,,,,,,,,,,,,,,Alibaba,,,,,,,,,,,,,,,
,,,,,,,,,,,,,,,Cipla,,,,,,,,,,,,,,,,,,
,,,,,,,,,,,,,,,Facebook,,,,,,,,,,,,,,,,,,
,,,,,,,,,,,,,,,Tesla,,,,,,,,,,,,,,,,,,
,,,,,,,,,,,,,,,Dewan Housing,,,,,,,,,,,,,,,,,,
,,,,,,,,,,,,,,,Alibaba,,,,,,,,,,,,,,,,,,
,,,,,,,,,,,,Amazon.com,,,,,,,,,,,,,,,,,,,,,
,,,,,,,,,,,,Cipla,,,,,,,,,,,,,,,,,,,,,
,,,,,,,,,,,,Facebook,,,,,,,,,,,,,,,,,,,,,
,,,,,,,,,,,,Tesla,,,,,,,,,,,,,,,,,,,,,
,,,,,,,,,,,,Dewan Housing,,,,,,,,,,,,,,,,,,,,,
,,,,,,,,,,,,Alibaba,,,,,,,,,,,,,,,,,,,,,
,,,,,,,,,SBI,,,,,,,,,,,,,,,,,,,,,,,,
,,,,,,,,,Amazon.com,,,,,,,,,,,,,,,,,,,,,,,,
,,,,,,,,,Cipla,,,,,,,,,,,,,,,,,,,,,,,,
,,,,,,,,,Facebook,,,,,,,,,,,,,,,,,,,,,,,,
,,,,,,,,,Tesla,,,,,,,,,,,,,,,,,,,,,,,,
,,,,,,,,,Dewan Housing,,,,,,,,,,,,,,,,,,,,,,,,
,,,,,,,,,Alibaba,,,,,,,,,,,,,,,,,,,,,,,,
,,,,,,Tata Motors,,,,,,,,,,,,,,,,,,,,,,,,,,,
,,,,,,SBI,,,,,,,,,,,,,,,,,,,,,,,,,,,
,,,,,,Amazon.com,,,,,,,,,,,,,,,,,,,,,,,,,,,
,,,,,,Cipla,,,,,,,,,,,,,,,,,,,,,,,,,,,
,,,,,,Facebook,,,,,,,,,,,,,,,,,,,,,,,,,,,
,,,,,,Tesla,,,,,,,,,,,,,,,,,,,,,,,,,,,
,,,,,,Dewan Housing,,,,,,,,,,,,,,,,,,,,,,,,,,,
,,,,,,Alibaba,,,,,,,,,,,,,,,,,,,,,,,,,,,
,,,Yes Bank,,,,,,,,,,,,,,,,,,,,,,,,,,,,,,
,,,Tata Motors,,,,,,,,,,,,,,,,,,,,,,,,,,,,,,
,,,SBI,,,,,,,,,,,,,,,,,,,,,,,,,,,,,,
,,,Amazon.com,,,,,,,,,,,,,,,,,,,,,,,,,,,,,,
,,,Cipla,,,,,,,,,,,,,,,,,,,,,,,,,,,,,,
,,,Facebook,,,,,,,,,,,,,,,,,,,,,,,,,,,,,,
,,,Tesla,,,,,,,,,,,,,,,,,,,,,,,,,,,,,,
,,,Dewan Housing,,,,,,,,,,,,,,,,,,,,,,,,,,,,,,
,,,Alibaba,,,,,,,,,,,,,,,,,,,,,,,,,,,,,,
Alibaba,,,,,,,,,,,,,,,,,,,,,,,,,,,,,,,,,
Allergan,Prev. Close,163.05,,,,,,,,,,,,,,,,,,,,,,,,,,,,,,,
Allergan,Day's Range,162.5 - 166.26,,,,,,,,,,,,,,,,,,,,,,,,,,,,,,,
Allergan,Revenue,16.03B,,,,,,,,,,,,,,,,,,,,,,,,,,,,,,,
Allergan,Open,163.3,,,,,,,,,,,,,,,,,,,,,,,,,,,,,,,
Allergan,52 wk Range,142.81 - 197,,,,,,,,,,,,,,,,,,,,,,,,,,,,,,,
Allergan,EPS,-0.58,,,,,,,,,,,,,,,,,,,,,,,,,,,,,,,
Allergan,Volume,"1,691,909",,,,,,,,,,,,,,,,,,,,,,,,,,,,,,,
Allergan,Market Cap,55.81B,,,,,,,,,,,,,,,,,,,,,,,,,,,,,,,
Allergan,Dividend (Yield),2.88 (1.53%),,,,,,,,,,,,,,,,,,,,,,,,,,,,,,,
Allergan,Average Vol. (3m),"1,967,060",,,,,,,,,,,,,,,,,,,,,,,,,,,,,,,
Allergan,P/E Ratio,N/A,,,,,,,,,,,,,,,,,,,,,,,,,,,,,,,
Allergan,Beta,1.3,,,,,,,,,,,,,,,,,,,,,,,,,,,,,,,
Allergan,1-Year Change,-5.40%,,,,,,,,,,,,,,,,,,,,,,,,,,,,,,,
Allergan,Shares Outstanding,"337,285,952",,,,,,,,,,,,,,,,,,,,,,,,,,,,,,,
Allergan,Next Earnings Date,4-Feb-19,,,,,,,,,,,,,,,,,,,,,,,,,,,,,,,
,,,Apple,,,,,,,,,,,,,,,,,,,,,,,,,,,,,,
,,,Yes Bank,,,,,,,,,,,,,,,,,,,,,,,,,,,,,,
,,,Tata Motors,,,,,,,,,,,,,,,,,,,,,,,,,,,,,,
,,,SBI,,,,,,,,,,,,,,,,,,,,,,,,,,,,,,
,,,Amazon.com,,,,,,,,,,,,,,,,,,,,,,,,,,,,,,
,,,Cipla,,,,,,,,,,,,,,,,,,,,,,,,,,,,,,
,,,Facebook,,,,,,,,,,,,,,,,,,,,,,,,,,,,,,
,,,Tesla,,,,,,,,,,,,,,,,,,,,,,,,,,,,,,
,,,Dewan Housing,,,,,,,,,,,,,,,,,,,,,,,,,,,,,,
,,,Alibaba,,,,,,,,,,,,,,,,,,,,,,,,,,,,,,
Alphabet A,Prev. Close,"1,071.49",,,,,,,,,,,,,,,,,,,,,,,,,,,,,,,
Alphabet A,Day's Range,"1,034 - 1,073.35",,,,,,,,,,,,,,,,,,,,,,,,,,,,,,,
Alphabet A,Revenue,129.87B,,,,,,,,,,,,,,,,,,,,,,,,,,,,,,,
Alphabet A,Open,"1,072.53",,,,,,,,,,,,,,,,,,,,,,,,,,,,,,,
Alphabet A,52 wk Range,"984 - 1,291.44",,,,,,,,,,,,,,,,,,,,,,,,,,,,,,,
Alphabet A,EPS,39.91,,,,,,,,,,,,,,,,,,,,,,,,,,,,,,,
Alphabet A,Volume,"2,267,870",,,,,,,,,,,,,,,,,,,,,,,,,,,,,,,
Alphabet A,Market Cap,728.76B,,,,,,,,,,,,,,,,,,,,,,,,,,,,,,,
Alphabet A,Dividend (Yield),N/A (N/A),,,,,,,,,,,,,,,,,,,,,,,,,,,,,,,
Alphabet A,Average Vol. (3m),"1,783,769",,,,,,,,,,,,,,,,,,,,,,,,,,,,,,,
Alphabet A,P/E Ratio,26.45,,,,,,,,,,,,,,,,,,,,,,,,,,,,,,,
Alphabet A,Beta,1.07,,,,,,,,,,,,,,,,,,,,,,,,,,,,,,,
Alphabet A,1-Year Change,0.55%,,,,,,,,,,,,,,,,,,,,,,,,,,,,,,,
Alphabet A,Shares Outstanding,"695,465,998",,,,,,,,,,,,,,,,,,,,,,,,,,,,,,,
Alphabet A,Next Earnings Date,30-Jan-19,,,,,,,,,,,,,,,,,,,,,,,,,,,,,,,
,,,Apple,,,,,,,,,,,,,,,,,,,,,,,,,,,,,,
,,,Yes Bank,,,,,,,,,,,,,,,,,,,,,,,,,,,,,,
,,,Tata Motors,,,,,,,,,,,,,,,,,,,,,,,,,,,,,,
,,,SBI,,,,,,,,,,,,,,,,,,,,,,,,,,,,,,
,,,Amazon.com,,,,,,,,,,,,,,,,,,,,,,,,,,,,,,
,,,Cipla,,,,,,,,,,,,,,,,,,,,,,,,,,,,,,
,,,Facebook,,,,,,,,,,,,,,,,,,,,,,,,,,,,,,
,,,Tesla,,,,,,,,,,,,,,,,,,,,,,,,,,,,,,
,,,Dewan Housing,,,,,,,,,,,,,,,,,,,,,,,,,,,,,,
,,,Alibaba,,,,,,,,,,,,,,,,,,,,,,,,,,,,,,
Alphabet C,Prev. Close,"1,057.79",,,,,,,,,,,,,,,,,,,,,,,,,,,,,,,
Alphabet C,Day's Range,"1,021.24 - 1,058.47",,,,,,,,,,,,,,,,,,,,,,,,,,,,,,,
Alphabet C,Revenue,129.87B,,,,,,,,,,,,,,,,,,,,,,,,,,,,,,,
Alphabet C,Open,"1,055",,,,,,,,,,,,,,,,,,,,,,,,,,,,,,,
Alphabet C,52 wk Range,"980.64 - 1,273.89",,,,,,,,,,,,,,,,,,,,,,,,,,,,,,,
Alphabet C,EPS,39.91,,,,,,,,,,,,,,,,,,,,,,,,,,,,,,,
Alphabet C,Volume,"2,441,430",,,,,,,,,,,,,,,,,,,,,,,,,,,,,,,
Alphabet C,Market Cap,728.76B,,,,,,,,,,,,,,,,,,,,,,,,,,,,,,,
Alphabet C,Dividend (Yield),N/A (N/A),,,,,,,,,,,,,,,,,,,,,,,,,,,,,,,
Alphabet C,Average Vol. (3m),"1,424,853",,,,,,,,,,,,,,,,,,,,,,,,,,,,,,,
Alphabet C,P/E Ratio,26.45,,,,,,,,,,,,,,,,,,,,,,,,,,,,,,,
Alphabet C,Beta,1.07,,,,,,,,,,,,,,,,,,,,,,,,,,,,,,,
Alphabet C,1-Year Change,0.74%,,,,,,,,,,,,,,,,,,,,,,,,,,,,,,,
Alphabet C,Shares Outstanding,"695,465,998",,,,,,,,,,,,,,,,,,,,,,,,,,,,,,,
Alphabet C,Next Earnings Date,30-Jan-19,,,,,,,,,,,,,,,,,,,,,,,,,,,,,,,
,,,Apple,,,,,,,,,,,,,,,,,,,,,,,,,,,,,,
,,,Yes Bank,,,,,,,,,,,,,,,,,,,,,,,,,,,,,,
,,,Tata Motors,,,,,,,,,,,,,,,,,,,,,,,,,,,,,,
,,,SBI,,,,,,,,,,,,,,,,,,,,,,,,,,,,,,
,,,Amazon.com,,,,,,,,,,,,,,,,,,,,,,,,,,,,,,
,,,Cipla,,,,,,,,,,,,,,,,,,,,,,,,,,,,,,
,,,Facebook,,,,,,,,,,,,,,,,,,,,,,,,,,,,,,
,,,Tesla,,,,,,,,,,,,,,,,,,,,,,,,,,,,,,
,,,Dewan Housing,,,,,,,,,,,,,,,,,,,,,,,,,,,,,,
,,,Alibaba,,,,,,,,,,,,,,,,,,,,,,,,,,,,,,
Altaba,Prev. Close,61.73,,,,,,,,,,,,,,,,,,,,,,,,,,,,,,,
Altaba,Day's Range,60.68 - 62.21,,,,,,,,,,,,,,,,,,,,,,,,,,,,,,,
Altaba,Revenue,260.8M,,,,,,,,,,,,,,,,,,,,,,,,,,,,,,,
Altaba,Open,61.43,,,,,,,,,,,,,,,,,,,,,,,,,,,,,,,
Altaba,52 wk Range,55.76 - 82.45,,,,,,,,,,,,,,,,,,,,,,,,,,,,,,,
Altaba,EPS,27.74,,,,,,,,,,,,,,,,,,,,,,,,,,,,,,,
Altaba,Volume,"3,734,574",,,,,,,,,,,,,,,,,,,,,,,,,,,,,,,
Altaba,Market Cap,36.86B,,,,,,,,,,,,,,,,,,,,,,,,,,,,,,,
Altaba,Dividend (Yield),N/A (N/A),,,,,,,,,,,,,,,,,,,,,,,,,,,,,,,
Altaba,Average Vol. (3m),"12,498,492",,,,,,,,,,,,,,,,,,,,,,,,,,,,,,,
Altaba,P/E Ratio,2.19,,,,,,,,,,,,,,,,,,,,,,,,,,,,,,,
Altaba,Beta,1.82,,,,,,,,,,,,,,,,,,,,,,,,,,,,,,,
Altaba,1-Year Change,-13.33%,,,,,,,,,,,,,,,,,,,,,,,,,,,,,,,
Altaba,Shares Outstanding,"800,508,196",,,,,,,,,,,,,,,,,,,,,,,,,,,,,,,
Altaba,Next Earnings Date,6-Nov-18,,,,,,,,,,,,,,,,,,,,,,,,,,,,,,,
,,,Apple,,,,,,,,,,,,,,,,,,,,,,,,,,,,,,
,,,Yes Bank,,,,,,,,,,,,,,,,,,,,,,,,,,,,,,
,,,Tata Motors,,,,,,,,,,,,,,,,,,,,,,,,,,,,,,
,,,SBI,,,,,,,,,,,,,,,,,,,,,,,,,,,,,,
,,,Amazon.com,,,,,,,,,,,,,,,,,,,,,,,,,,,,,,
,,,Cipla,,,,,,,,,,,,,,,,,,,,,,,,,,,,,,
,,,Facebook,,,,,,,,,,,,,,,,,,,,,,,,,,,,,,
,,,Tesla,,,,,,,,,,,,,,,,,,,,,,,,,,,,,,
,,,Dewan Housing,,,,,,,,,,,,,,,,,,,,,,,,,,,,,,
,,,Alibaba,,,,,,,,,,,,,,,,,,,,,,,,,,,,,,
Amazon.com,,,,,,,,,,,,,,,,,,,,,,,,,,,,,,,,,
American Airlines,Prev. Close,36.33,,,,,,,,,,,,,,,,,,,,,,,,,,,,,,,
American Airlines,Day's Range,35.13 - 36.52,,,,,,,,,,,,,,,,,,,,,,,,,,,,,,,
American Airlines,Revenue,44.2B,,,,,,,,,,,,,,,,,,,,,,,,,,,,,,,
American Airlines,Open,36.35,,,,,,,,,,,,,,,,,,,,,,,,,,,,,,,
American Airlines,52 wk Range,30.24 - 59.08,,,,,,,,,,,,,,,,,,,,,,,,,,,,,,,
American Airlines,EPS,4.62,,,,,,,,,,,,,,,,,,,,,,,,,,,,,,,
American Airlines,Volume,"11,305,331",,,,,,,,,,,,,,,,,,,,,,,,,,,,,,,
American Airlines,Market Cap,16.45B,,,,,,,,,,,,,,,,,,,,,,,,,,,,,,,
American Airlines,Dividend (Yield),0.40 (1.24%),,,,,,,,,,,,,,,,,,,,,,,,,,,,,,,
American Airlines,Average Vol. (3m),"6,351,214",,,,,,,,,,,,,,,,,,,,,,,,,,,,,,,
American Airlines,P/E Ratio,7.73,,,,,,,,,,,,,,,,,,,,,,,,,,,,,,,
American Airlines,Beta,1.12,,,,,,,,,,,,,,,,,,,,,,,,,,,,,,,
American Airlines,1-Year Change,-24.72%,,,,,,,,,,,,,,,,,,,,,,,,,,,,,,,
American Airlines,Shares Outstanding,"460,581,463",,,,,,,,,,,,,,,,,,,,,,,,,,,,,,,
American Airlines,Next Earnings Date,23-Jan-19,,,,,,,,,,,,,,,,,,,,,,,,,,,,,,,
,,,Apple,,,,,,,,,,,,,,,,,,,,,,,,,,,,,,
,,,Yes Bank,,,,,,,,,,,,,,,,,,,,,,,,,,,,,,
,,,Tata Motors,,,,,,,,,,,,,,,,,,,,,,,,,,,,,,
,,,SBI,,,,,,,,,,,,,,,,,,,,,,,,,,,,,,
,,,Amazon.com,,,,,,,,,,,,,,,,,,,,,,,,,,,,,,
,,,Cipla,,,,,,,,,,,,,,,,,,,,,,,,,,,,,,
,,,Facebook,,,,,,,,,,,,,,,,,,,,,,,,,,,,,,
,,,Tesla,,,,,,,,,,,,,,,,,,,,,,,,,,,,,,
,,,Dewan Housing,,,,,,,,,,,,,,,,,,,,,,,,,,,,,,
,,,Alibaba,,,,,,,,,,,,,,,,,,,,,,,,,,,,,,
Amgen,Prev. Close,187.06,,,,,,,,,,,,,,,,,,,,,,,,,,,,,,,
Amgen,Day's Range,187.55 - 190.72,,,,,,,,,,,,,,,,,,,,,,,,,,,,,,,
Amgen,Revenue,23.32B,,,,,,,,,,,,,,,,,,,,,,,,,,,,,,,
Amgen,Open,187.68,,,,,,,,,,,,,,,,,,,,,,,,,,,,,,,
Amgen,52 wk Range,163.31 - 210.19,,,,,,,,,,,,,,,,,,,,,,,,,,,,,,,
Amgen,EPS,12.13,,,,,,,,,,,,,,,,,,,,,,,,,,,,,,,
Amgen,Volume,"2,713,481",,,,,,,,,,,,,,,,,,,,,,,,,,,,,,,
Amgen,Market Cap,121.02B,,,,,,,,,,,,,,,,,,,,,,,,,,,,,,,
Amgen,Dividend (Yield),5.28 (2.67%),,,,,,,,,,,,,,,,,,,,,,,,,,,,,,,
Amgen,Average Vol. (3m),"2,521,529",,,,,,,,,,,,,,,,,,,,,,,,,,,,,,,
Amgen,P/E Ratio,15.66,,,,,,,,,,,,,,,,,,,,,,,,,,,,,,,
Amgen,Beta,1.39,,,,,,,,,,,,,,,,,,,,,,,,,,,,,,,
Amgen,1-Year Change,9.50%,,,,,,,,,,,,,,,,,,,,,,,,,,,,,,,
Amgen,Shares Outstanding,"637,219,244",,,,,,,,,,,,,,,,,,,,,,,,,,,,,,,
Amgen,Next Earnings Date,30-Jan-19,,,,,,,,,,,,,,,,,,,,,,,,,,,,,,,
,,,Apple,,,,,,,,,,,,,,,,,,,,,,,,,,,,,,
,,,Yes Bank,,,,,,,,,,,,,,,,,,,,,,,,,,,,,,
,,,Tata Motors,,,,,,,,,,,,,,,,,,,,,,,,,,,,,,
,,,SBI,,,,,,,,,,,,,,,,,,,,,,,,,,,,,,
,,,Amazon.com,,,,,,,,,,,,,,,,,,,,,,,,,,,,,,
,,,Cipla,,,,,,,,,,,,,,,,,,,,,,,,,,,,,,
,,,Facebook,,,,,,,,,,,,,,,,,,,,,,,,,,,,,,
,,,Tesla,,,,,,,,,,,,,,,,,,,,,,,,,,,,,,
,,,Dewan Housing,,,,,,,,,,,,,,,,,,,,,,,,,,,,,,
,,,Alibaba,,,,,,,,,,,,,,,,,,,,,,,,,,,,,,
Apple,,,,,,,,,,,,,,,,,,,,,,,,,,,,,,,,,
AT&T,Prev. Close,30.52,,,,,,,,,,,,,,,,,,,,,,,,,,,,,,,
AT&T,Day's Range,30.57 - 30.86,,,,,,,,,,,,,,,,,,,,,,,,,,,,,,,
AT&T,Revenue,164.44B,,,,,,,,,,,,,,,,,,,,,,,,,,,,,,,
AT&T,Open,30.63,,,,,,,,,,,,,,,,,,,,,,,,,,,,,,,
AT&T,52 wk Range,28.85 - 39.33,,,,,,,,,,,,,,,,,,,,,,,,,,,,,,,
AT&T,EPS,2.01,,,,,,,,,,,,,,,,,,,,,,,,,,,,,,,
AT&T,Volume,"27,346,452",,,,,,,,,,,,,,,,,,,,,,,,,,,,,,,
AT&T,Market Cap,221.64B,,,,,,,,,,,,,,,,,,,,,,,,,,,,,,,
AT&T,Dividend (Yield),2.00 (6.56%),,,,,,,,,,,,,,,,,,,,,,,,,,,,,,,
AT&T,Average Vol. (3m),"34,490,954",,,,,,,,,,,,,,,,,,,,,,,,,,,,,,,
AT&T,P/E Ratio,15.17,,,,,,,,,,,,,,,,,,,,,,,,,,,,,,,
AT&T,Beta,0.45,,,,,,,,,,,,,,,,,,,,,,,,,,,,,,,
AT&T,1-Year Change,-8.02%,,,,,,,,,,,,,,,,,,,,,,,,,,,,,,,
AT&T,Shares Outstanding,"7,259,754,979",,,,,,,,,,,,,,,,,,,,,,,,,,,,,,,
AT&T,Next Earnings Date,30-Jan-19,,,,,,,,,,,,,,,,,,,,,,,,,,,,,,,
,,,Apple,,,,,,,,,,,,,,,,,,,,,,,,,,,,,,
,,,Yes Bank,,,,,,,,,,,,,,,,,,,,,,,,,,,,,,
,,,Tata Motors,,,,,,,,,,,,,,,,,,,,,,,,,,,,,,
,,,SBI,,,,,,,,,,,,,,,,,,,,,,,,,,,,,,
,,,Amazon.com,,,,,,,,,,,,,,,,,,,,,,,,,,,,,,
,,,Cipla,,,,,,,,,,,,,,,,,,,,,,,,,,,,,,
,,,Facebook,,,,,,,,,,,,,,,,,,,,,,,,,,,,,,
,,,Tesla,,,,,,,,,,,,,,,,,,,,,,,,,,,,,,
,,,Dewan Housing,,,,,,,,,,,,,,,,,,,,,,,,,,,,,,
,,,Alibaba,,,,,,,,,,,,,,,,,,,,,,,,,,,,,,
Baidu,Prev. Close,194.69,,,,,,,,,,,,,,,,,,,,,,,,,,,,,,,
Baidu,Day's Range,189.15 - 197.17,,,,,,,,,,,,,,,,,,,,,,,,,,,,,,,
Baidu,Revenue,14.31B,,,,,,,,,,,,,,,,,,,,,,,,,,,,,,,
Baidu,Open,194.01,,,,,,,,,,,,,,,,,,,,,,,,,,,,,,,
Baidu,52 wk Range,177.8 - 284.22,,,,,,,,,,,,,,,,,,,,,,,,,,,,,,,
Baidu,EPS,12.15,,,,,,,,,,,,,,,,,,,,,,,,,,,,,,,
Baidu,Volume,"3,222,224",,,,,,,,,,,,,,,,,,,,,,,,,,,,,,,
Baidu,Market Cap,66.73B,,,,,,,,,,,,,,,,,,,,,,,,,,,,,,,
Baidu,Dividend (Yield),N/A (N/A),,,,,,,,,,,,,,,,,,,,,,,,,,,,,,,
Baidu,Average Vol. (3m),"3,553,341",,,,,,,,,,,,,,,,,,,,,,,,,,,,,,,
Baidu,P/E Ratio,15.69,,,,,,,,,,,,,,,,,,,,,,,,,,,,,,,
Baidu,Beta,1.62,,,,,,,,,,,,,,,,,,,,,,,,,,,,,,,
Baidu,1-Year Change,-21.09%,,,,,,,,,,,,,,,,,,,,,,,,,,,,,,,
Baidu,Shares Outstanding,"34,856,056",,,,,,,,,,,,,,,,,,,,,,,,,,,,,,,
Baidu,Next Earnings Date,11-Feb-19,,,,,,,,,,,,,,,,,,,,,,,,,,,,,,,
,,,Apple,,,,,,,,,,,,,,,,,,,,,,,,,,,,,,
,,,Yes Bank,,,,,,,,,,,,,,,,,,,,,,,,,,,,,,
,,,Tata Motors,,,,,,,,,,,,,,,,,,,,,,,,,,,,,,
,,,SBI,,,,,,,,,,,,,,,,,,,,,,,,,,,,,,
,,,Amazon.com,,,,,,,,,,,,,,,,,,,,,,,,,,,,,,
,,,Cipla,,,,,,,,,,,,,,,,,,,,,,,,,,,,,,
,,,Facebook,,,,,,,,,,,,,,,,,,,,,,,,,,,,,,
,,,Tesla,,,,,,,,,,,,,,,,,,,,,,,,,,,,,,
,,,Dewan Housing,,,,,,,,,,,,,,,,,,,,,,,,,,,,,,
,,,Alibaba,,,,,,,,,,,,,,,,,,,,,,,,,,,,,,
Bank of America,Prev. Close,27.89,,,,,,,,,,,,,,,,,,,,,,,,,,,,,,,
Bank of America,Day's Range,27.89 - 28.24,,,,,,,,,,,,,,,,,,,,,,,,,,,,,,,
Bank of America,Revenue,55.2B,,,,,,,,,,,,,,,,,,,,,,,,,,,,,,,
Bank of America,Open,27.95,,,,,,,,,,,,,,,,,,,,,,,,,,,,,,,
Bank of America,52 wk Range,25.81 - 33.05,,,,,,,,,,,,,,,,,,,,,,,,,,,,,,,
Bank of America,EPS,2.3,,,,,,,,,,,,,,,,,,,,,,,,,,,,,,,
Bank of America,Volume,"41,103,070",,,,,,,,,,,,,,,,,,,,,,,,,,,,,,,
Bank of America,Market Cap,273.72B,,,,,,,,,,,,,,,,,,,,,,,,,,,,,,,
Bank of America,Dividend (Yield),0.60 (2.16%),,,,,,,,,,,,,,,,,,,,,,,,,,,,,,,
Bank of America,Average Vol. (3m),"60,274,261",,,,,,,,,,,,,,,,,,,,,,,,,,,,,,,
Bank of America,P/E Ratio,12.13,,,,,,,,,,,,,,,,,,,,,,,,,,,,,,,
Bank of America,Beta,1.27,,,,,,,,,,,,,,,,,,,,,,,,,,,,,,,
Bank of America,1-Year Change,0.86%,,,,,,,,,,,,,,,,,,,,,,,,,,,,,,,
Bank of America,Shares Outstanding,"9,814,196,864",,,,,,,,,,,,,,,,,,,,,,,,,,,,,,,
Bank of America,Next Earnings Date,16-Jan-19,,,,,,,,,,,,,,,,,,,,,,,,,,,,,,,
,,,Apple,,,,,,,,,,,,,,,,,,,,,,,,,,,,,,
,,,Yes Bank,,,,,,,,,,,,,,,,,,,,,,,,,,,,,,
,,,Tata Motors,,,,,,,,,,,,,,,,,,,,,,,,,,,,,,
,,,SBI,,,,,,,,,,,,,,,,,,,,,,,,,,,,,,
,,,Amazon.com,,,,,,,,,,,,,,,,,,,,,,,,,,,,,,
,,,Cipla,,,,,,,,,,,,,,,,,,,,,,,,,,,,,,
,,,Facebook,,,,,,,,,,,,,,,,,,,,,,,,,,,,,,
,,,Tesla,,,,,,,,,,,,,,,,,,,,,,,,,,,,,,
,,,Dewan Housing,,,,,,,,,,,,,,,,,,,,,,,,,,,,,,
,,,Alibaba,,,,,,,,,,,,,,,,,,,,,,,,,,,,,,
Biogen Inc,Prev. Close,312.7,,,,,,,,,,,,,,,,,,,,,,,,,,,,,,,
Biogen Inc,Day's Range,313.58 - 318.8,,,,,,,,,,,,,,,,,,,,,,,,,,,,,,,
Biogen Inc,Revenue,13.23B,,,,,,,,,,,,,,,,,,,,,,,,,,,,,,,
Biogen Inc,Open,314.18,,,,,,,,,,,,,,,,,,,,,,,,,,,,,,,
Biogen Inc,52 wk Range,249.17 - 388.67,,,,,,,,,,,,,,,,,,,,,,,,,,,,,,,
Biogen Inc,EPS,21.02,,,,,,,,,,,,,,,,,,,,,,,,,,,,,,,
Biogen Inc,Volume,"1,020,034",,,,,,,,,,,,,,,,,,,,,,,,,,,,,,,
Biogen Inc,Market Cap,63.9B,,,,,,,,,,,,,,,,,,,,,,,,,,,,,,,
Biogen Inc,Dividend (Yield),N/A (N/A),,,,,,,,,,,,,,,,,,,,,,,,,,,,,,,
Biogen Inc,Average Vol. (3m),"1,697,038",,,,,,,,,,,,,,,,,,,,,,,,,,,,,,,
Biogen Inc,P/E Ratio,15.09,,,,,,,,,,,,,,,,,,,,,,,,,,,,,,,
Biogen Inc,Beta,0.94,,,,,,,,,,,,,,,,,,,,,,,,,,,,,,,
Biogen Inc,1-Year Change,0.96%,,,,,,,,,,,,,,,,,,,,,,,,,,,,,,,
Biogen Inc,Shares Outstanding,"201,482,595",,,,,,,,,,,,,,,,,,,,,,,,,,,,,,,
Biogen Inc,Next Earnings Date,23-Jan-19,,,,,,,,,,,,,,,,,,,,,,,,,,,,,,,
,,,Apple,,,,,,,,,,,,,,,,,,,,,,,,,,,,,,
,,,Yes Bank,,,,,,,,,,,,,,,,,,,,,,,,,,,,,,
,,,Tata Motors,,,,,,,,,,,,,,,,,,,,,,,,,,,,,,
,,,SBI,,,,,,,,,,,,,,,,,,,,,,,,,,,,,,
,,,Amazon.com,,,,,,,,,,,,,,,,,,,,,,,,,,,,,,
,,,Cipla,,,,,,,,,,,,,,,,,,,,,,,,,,,,,,
,,,Facebook,,,,,,,,,,,,,,,,,,,,,,,,,,,,,,
,,,Tesla,,,,,,,,,,,,,,,,,,,,,,,,,,,,,,
,,,Dewan Housing,,,,,,,,,,,,,,,,,,,,,,,,,,,,,,
,,,Alibaba,,,,,,,,,,,,,,,,,,,,,,,,,,,,,,
Booking,Prev. Close,"1,875.01",,,,,,,,,,,,,,,,,,,,,,,,,,,,,,,
Booking,Day's Range,"1,838.59 - 1,885.15",,,,,,,,,,,,,,,,,,,,,,,,,,,,,,,
Booking,Revenue,13.7B,,,,,,,,,,,,,,,,,,,,,,,,,,,,,,,
Booking,Open,"1,873.76",,,,,,,,,,,,,,,,,,,,,,,,,,,,,,,
Booking,52 wk Range,"1,630.56 - 2,228.99",,,,,,,,,,,,,,,,,,,,,,,,,,,,,,,
Booking,EPS,83.9,,,,,,,,,,,,,,,,,,,,,,,,,,,,,,,
Booking,Volume,"679,480",,,,,,,,,,,,,,,,,,,,,,,,,,,,,,,
Booking,Market Cap,88.83B,,,,,,,,,,,,,,,,,,,,,,,,,,,,,,,
Booking,Dividend (Yield),N/A (N/A),,,,,,,,,,,,,,,,,,,,,,,,,,,,,,,
Booking,Average Vol. (3m),"407,317",,,,,,,,,,,,,,,,,,,,,,,,,,,,,,,
Booking,P/E Ratio,22.3,,,,,,,,,,,,,,,,,,,,,,,,,,,,,,,
Booking,Beta,1.18,,,,,,,,,,,,,,,,,,,,,,,,,,,,,,,
Booking,1-Year Change,-1.23%,,,,,,,,,,,,,,,,,,,,,,,,,,,,,,,
Booking,Shares Outstanding,"47,472,026",,,,,,,,,,,,,,,,,,,,,,,,,,,,,,,
Booking,Next Earnings Date,5-Nov-18,,,,,,,,,,,,,,,,,,,,,,,,,,,,,,,
,,,Apple,,,,,,,,,,,,,,,,,,,,,,,,,,,,,,
,,,Yes Bank,,,,,,,,,,,,,,,,,,,,,,,,,,,,,,
,,,Tata Motors,,,,,,,,,,,,,,,,,,,,,,,,,,,,,,
,,,SBI,,,,,,,,,,,,,,,,,,,,,,,,,,,,,,
,,,Amazon.com,,,,,,,,,,,,,,,,,,,,,,,,,,,,,,
,,,Cipla,,,,,,,,,,,,,,,,,,,,,,,,,,,,,,
,,,Facebook,,,,,,,,,,,,,,,,,,,,,,,,,,,,,,
,,,Tesla,,,,,,,,,,,,,,,,,,,,,,,,,,,,,,
,,,Dewan Housing,,,,,,,,,,,,,,,,,,,,,,,,,,,,,,
,,,Alibaba,,,,,,,,,,,,,,,,,,,,,,,,,,,,,,
Celgene,Prev. Close,74.19,,,,,,,,,,,,,,,,,,,,,,,,,,,,,,,
Celgene,Day's Range,73.29 - 74.87,,,,,,,,,,,,,,,,,,,,,,,,,,,,,,,
Celgene,Revenue,14.73B,,,,,,,,,,,,,,,,,,,,,,,,,,,,,,,
Celgene,Open,74.2,,,,,,,,,,,,,,,,,,,,,,,,,,,,,,,
Celgene,52 wk Range,70.09 - 110.81,,,,,,,,,,,,,,,,,,,,,,,,,,,,,,,
Celgene,EPS,5.57,,,,,,,,,,,,,,,,,,,,,,,,,,,,,,,
Celgene,Volume,"4,636,648",,,,,,,,,,,,,,,,,,,,,,,,,,,,,,,
Celgene,Market Cap,51.93B,,,,,,,,,,,,,,,,,,,,,,,,,,,,,,,
Celgene,Dividend (Yield),N/A (N/A),,,,,,,,,,,,,,,,,,,,,,,,,,,,,,,
Celgene,Average Vol. (3m),"5,699,870",,,,,,,,,,,,,,,,,,,,,,,,,,,,,,,
Celgene,P/E Ratio,13.34,,,,,,,,,,,,,,,,,,,,,,,,,,,,,,,
Celgene,Beta,1.51,,,,,,,,,,,,,,,,,,,,,,,,,,,,,,,
Celgene,1-Year Change,-25.76%,,,,,,,,,,,,,,,,,,,,,,,,,,,,,,,
Celgene,Shares Outstanding,"699,251,840",,,,,,,,,,,,,,,,,,,,,,,,,,,,,,,
Celgene,Next Earnings Date,23-Jan-19,,,,,,,,,,,,,,,,,,,,,,,,,,,,,,,
,,,Apple,,,,,,,,,,,,,,,,,,,,,,,,,,,,,,
,,,Yes Bank,,,,,,,,,,,,,,,,,,,,,,,,,,,,,,
,,,Tata Motors,,,,,,,,,,,,,,,,,,,,,,,,,,,,,,
,,,SBI,,,,,,,,,,,,,,,,,,,,,,,,,,,,,,
,,,Amazon.com,,,,,,,,,,,,,,,,,,,,,,,,,,,,,,
,,,Cipla,,,,,,,,,,,,,,,,,,,,,,,,,,,,,,
,,,Facebook,,,,,,,,,,,,,,,,,,,,,,,,,,,,,,
,,,Tesla,,,,,,,,,,,,,,,,,,,,,,,,,,,,,,
,,,Dewan Housing,,,,,,,,,,,,,,,,,,,,,,,,,,,,,,
,,,Alibaba,,,,,,,,,,,,,,,,,,,,,,,,,,,,,,
Chevron,Prev. Close,114.73,,,,,,,,,,,,,,,,,,,,,,,,,,,,,,,
Chevron,Day's Range,116.6 - 119.67,,,,,,,,,,,,,,,,,,,,,,,,,,,,,,,
Chevron,Revenue,155.31B,,,,,,,,,,,,,,,,,,,,,,,,,,,,,,,
Chevron,Open,116.62,,,,,,,,,,,,,,,,,,,,,,,,,,,,,,,
Chevron,52 wk Range,107.54 - 133.88,,,,,,,,,,,,,,,,,,,,,,,,,,,,,,,
Chevron,EPS,6.36,,,,,,,,,,,,,,,,,,,,,,,,,,,,,,,
Chevron,Volume,"8,758,725",,,,,,,,,,,,,,,,,,,,,,,,,,,,,,,
Chevron,Market Cap,219.84B,,,,,,,,,,,,,,,,,,,,,,,,,,,,,,,
Chevron,Dividend (Yield),4.48 (4.03%),,,,,,,,,,,,,,,,,,,,,,,,,,,,,,,
Chevron,Average Vol. (3m),"6,017,195",,,,,,,,,,,,,,,,,,,,,,,,,,,,,,,
Chevron,P/E Ratio,18.04,,,,,,,,,,,,,,,,,,,,,,,,,,,,,,,
Chevron,Beta,1.11,,,,,,,,,,,,,,,,,,,,,,,,,,,,,,,
Chevron,1-Year Change,3.44%,,,,,,,,,,,,,,,,,,,,,,,,,,,,,,,
Chevron,Shares Outstanding,"1,916,147,100",,,,,,,,,,,,,,,,,,,,,,,,,,,,,,,
Chevron,Next Earnings Date,31-Jan-19,,,,,,,,,,,,,,,,,,,,,,,,,,,,,,,
,,,Apple,,,,,,,,,,,,,,,,,,,,,,,,,,,,,,
,,,Yes Bank,,,,,,,,,,,,,,,,,,,,,,,,,,,,,,
,,,Tata Motors,,,,,,,,,,,,,,,,,,,,,,,,,,,,,,
,,,SBI,,,,,,,,,,,,,,,,,,,,,,,,,,,,,,
,,,Amazon.com,,,,,,,,,,,,,,,,,,,,,,,,,,,,,,
,,,Cipla,,,,,,,,,,,,,,,,,,,,,,,,,,,,,,
,,,Facebook,,,,,,,,,,,,,,,,,,,,,,,,,,,,,,
,,,Tesla,,,,,,,,,,,,,,,,,,,,,,,,,,,,,,
,,,Dewan Housing,,,,,,,,,,,,,,,,,,,,,,,,,,,,,,
,,,Alibaba,,,,,,,,,,,,,,,,,,,,,,,,,,,,,,
Cisco,Prev. Close,45.48,,,,,,,,,,,,,,,,,,,,,,,,,,,,,,,
Cisco,Day's Range,45.35 - 46.44,,,,,,,,,,,,,,,,,,,,,,,,,,,,,,,
Cisco,Revenue,49.33B,,,,,,,,,,,,,,,,,,,,,,,,,,,,,,,
Cisco,Open,45.74,,,,,,,,,,,,,,,,,,,,,,,,,,,,,,,
Cisco,52 wk Range,33.67 - 49.47,,,,,,,,,,,,,,,,,,,,,,,,,,,,,,,
Cisco,EPS,2.15,,,,,,,,,,,,,,,,,,,,,,,,,,,,,,,
Cisco,Volume,"17,524,422",,,,,,,,,,,,,,,,,,,,,,,,,,,,,,,
Cisco,Market Cap,210.92B,,,,,,,,,,,,,,,,,,,,,,,,,,,,,,,
Cisco,Dividend (Yield),1.32 (2.91%),,,,,,,,,,,,,,,,,,,,,,,,,,,,,,,
Cisco,Average Vol. (3m),"20,736,960",,,,,,,,,,,,,,,,,,,,,,,,,,,,,,,
Cisco,P/E Ratio,21.5,,,,,,,,,,,,,,,,,,,,,,,,,,,,,,,
Cisco,Beta,1.16,,,,,,,,,,,,,,,,,,,,,,,,,,,,,,,
Cisco,1-Year Change,33.86%,,,,,,,,,,,,,,,,,,,,,,,,,,,,,,,
Cisco,Shares Outstanding,"4,571,334,136",,,,,,,,,,,,,,,,,,,,,,,,,,,,,,,
Cisco,Next Earnings Date,14-Nov-18,,,,,,,,,,,,,,,,,,,,,,,,,,,,,,,
,,,Apple,,,,,,,,,,,,,,,,,,,,,,,,,,,,,,
,,,Yes Bank,,,,,,,,,,,,,,,,,,,,,,,,,,,,,,
,,,Tata Motors,,,,,,,,,,,,,,,,,,,,,,,,,,,,,,
,,,SBI,,,,,,,,,,,,,,,,,,,,,,,,,,,,,,
,,,Amazon.com,,,,,,,,,,,,,,,,,,,,,,,,,,,,,,
,,,Cipla,,,,,,,,,,,,,,,,,,,,,,,,,,,,,,
,,,Facebook,,,,,,,,,,,,,,,,,,,,,,,,,,,,,,
,,,Tesla,,,,,,,,,,,,,,,,,,,,,,,,,,,,,,
,,,Dewan Housing,,,,,,,,,,,,,,,,,,,,,,,,,,,,,,
,,,Alibaba,,,,,,,,,,,,,,,,,,,,,,,,,,,,,,
Citigroup,Prev. Close,65.92,,,,,,,,,,,,,,,,,,,,,,,,,,,,,,,
Citigroup,Day's Range,66.26 - 67.47,,,,,,,,,,,,,,,,,,,,,,,,,,,,,,,
Citigroup,Revenue,73.14B,,,,,,,,,,,,,,,,,,,,,,,,,,,,,,,
Citigroup,Open,66.3,,,,,,,,,,,,,,,,,,,,,,,,,,,,,,,
Citigroup,52 wk Range,63.18 - 80.7,,,,,,,,,,,,,,,,,,,,,,,,,,,,,,,
Citigroup,EPS,6.48,,,,,,,,,,,,,,,,,,,,,,,,,,,,,,,
Citigroup,Volume,"14,823,926",,,,,,,,,,,,,,,,,,,,,,,,,,,,,,,
Citigroup,Market Cap,160.99B,,,,,,,,,,,,,,,,,,,,,,,,,,,,,,,
Citigroup,Dividend (Yield),1.80 (2.75%),,,,,,,,,,,,,,,,,,,,,,,,,,,,,,,
Citigroup,Average Vol. (3m),"15,582,842",,,,,,,,,,,,,,,,,,,,,,,,,,,,,,,
Citigroup,P/E Ratio,10.17,,,,,,,,,,,,,,,,,,,,,,,,,,,,,,,
Citigroup,Beta,1.45,,,,,,,,,,,,,,,,,,,,,,,,,,,,,,,
Citigroup,1-Year Change,-9.12%,,,,,,,,,,,,,,,,,,,,,,,,,,,,,,,
Citigroup,Shares Outstanding,"2,442,136,813",,,,,,,,,,,,,,,,,,,,,,,,,,,,,,,
Citigroup,Next Earnings Date,14-Jan-19,,,,,,,,,,,,,,,,,,,,,,,,,,,,,,,
,,,Apple,,,,,,,,,,,,,,,,,,,,,,,,,,,,,,
,,,Yes Bank,,,,,,,,,,,,,,,,,,,,,,,,,,,,,,
,,,Tata Motors,,,,,,,,,,,,,,,,,,,,,,,,,,,,,,
,,,SBI,,,,,,,,,,,,,,,,,,,,,,,,,,,,,,
,,,Amazon.com,,,,,,,,,,,,,,,,,,,,,,,,,,,,,,
,,,Cipla,,,,,,,,,,,,,,,,,,,,,,,,,,,,,,
,,,Facebook,,,,,,,,,,,,,,,,,,,,,,,,,,,,,,
,,,Tesla,,,,,,,,,,,,,,,,,,,,,,,,,,,,,,
,,,Dewan Housing,,,,,,,,,,,,,,,,,,,,,,,,,,,,,,
,,,Alibaba,,,,,,,,,,,,,,,,,,,,,,,,,,,,,,
Coca-Cola,Prev. Close,48,,,,,,,,,,,,,,,,,,,,,,,,,,,,,,,
Coca-Cola,Day's Range,47.92 - 48.78,,,,,,,,,,,,,,,,,,,,,,,,,,,,,,,
Coca-Cola,Revenue,32.31B,,,,,,,,,,,,,,,,,,,,,,,,,,,,,,,
Coca-Cola,Open,48,,,,,,,,,,,,,,,,,,,,,,,,,,,,,,,
Coca-Cola,52 wk Range,41.45 - 48.78,,,,,,,,,,,,,,,,,,,,,,,,,,,,,,,
Coca-Cola,EPS,1.56,,,,,,,,,,,,,,,,,,,,,,,,,,,,,,,
Coca-Cola,Volume,"16,543,547",,,,,,,,,,,,,,,,,,,,,,,,,,,,,,,
Coca-Cola,Market Cap,204.31B,,,,,,,,,,,,,,,,,,,,,,,,,,,,,,,
Coca-Cola,Dividend (Yield),1.56 (3.27%),,,,,,,,,,,,,,,,,,,,,,,,,,,,,,,
Coca-Cola,Average Vol. (3m),"11,762,116",,,,,,,,,,,,,,,,,,,,,,,,,,,,,,,
Coca-Cola,P/E Ratio,30.68,,,,,,,,,,,,,,,,,,,,,,,,,,,,,,,
Coca-Cola,Beta,0.61,,,,,,,,,,,,,,,,,,,,,,,,,,,,,,,
Coca-Cola,1-Year Change,5.92%,,,,,,,,,,,,,,,,,,,,,,,,,,,,,,,
Coca-Cola,Shares Outstanding,"4,256,513,898",,,,,,,,,,,,,,,,,,,,,,,,,,,,,,,
Coca-Cola,Next Earnings Date,14-Feb-19,,,,,,,,,,,,,,,,,,,,,,,,,,,,,,,
,,,Apple,,,,,,,,,,,,,,,,,,,,,,,,,,,,,,
,,,Yes Bank,,,,,,,,,,,,,,,,,,,,,,,,,,,,,,
,,,Tata Motors,,,,,,,,,,,,,,,,,,,,,,,,,,,,,,
,,,SBI,,,,,,,,,,,,,,,,,,,,,,,,,,,,,,
,,,Amazon.com,,,,,,,,,,,,,,,,,,,,,,,,,,,,,,
,,,Cipla,,,,,,,,,,,,,,,,,,,,,,,,,,,,,,
,,,Facebook,,,,,,,,,,,,,,,,,,,,,,,,,,,,,,
,,,Tesla,,,,,,,,,,,,,,,,,,,,,,,,,,,,,,
,,,Dewan Housing,,,,,,,,,,,,,,,,,,,,,,,,,,,,,,
,,,Alibaba,,,,,,,,,,,,,,,,,,,,,,,,,,,,,,
Comcast,Prev. Close,37.66,,,,,,,,,,,,,,,,,,,,,,,,,,,,,,,
Comcast,Day's Range,37.85 - 38.35,,,,,,,,,,,,,,,,,,,,,,,,,,,,,,,
Comcast,Revenue,88.58B,,,,,,,,,,,,,,,,,,,,,,,,,,,,,,,
Comcast,Open,37.94,,,,,,,,,,,,,,,,,,,,,,,,,,,,,,,
Comcast,52 wk Range,30.43 - 44,,,,,,,,,,,,,,,,,,,,,,,,,,,,,,,
Comcast,EPS,2.44,,,,,,,,,,,,,,,,,,,,,,,,,,,,,,,
Comcast,Volume,"18,778,167",,,,,,,,,,,,,,,,,,,,,,,,,,,,,,,
Comcast,Market Cap,172.97B,,,,,,,,,,,,,,,,,,,,,,,,,,,,,,,
Comcast,Dividend (Yield),0.76 (2.13%),,,,,,,,,,,,,,,,,,,,,,,,,,,,,,,
Comcast,Average Vol. (3m),"23,487,590",,,,,,,,,,,,,,,,,,,,,,,,,,,,,,,
Comcast,P/E Ratio,15.58,,,,,,,,,,,,,,,,,,,,,,,,,,,,,,,
Comcast,Beta,0.93,,,,,,,,,,,,,,,,,,,,,,,,,,,,,,,
Comcast,1-Year Change,6.56%,,,,,,,,,,,,,,,,,,,,,,,,,,,,,,,
Comcast,Shares Outstanding,"4,549,504,769",,,,,,,,,,,,,,,,,,,,,,,,,,,,,,,
Comcast,Next Earnings Date,22-Jan-19,,,,,,,,,,,,,,,,,,,,,,,,,,,,,,,
,,,Apple,,,,,,,,,,,,,,,,,,,,,,,,,,,,,,
,,,Yes Bank,,,,,,,,,,,,,,,,,,,,,,,,,,,,,,
,,,Tata Motors,,,,,,,,,,,,,,,,,,,,,,,,,,,,,,
,,,SBI,,,,,,,,,,,,,,,,,,,,,,,,,,,,,,
,,,Amazon.com,,,,,,,,,,,,,,,,,,,,,,,,,,,,,,
,,,Cipla,,,,,,,,,,,,,,,,,,,,,,,,,,,,,,
,,,Facebook,,,,,,,,,,,,,,,,,,,,,,,,,,,,,,
,,,Tesla,,,,,,,,,,,,,,,,,,,,,,,,,,,,,,
,,,Dewan Housing,,,,,,,,,,,,,,,,,,,,,,,,,,,,,,
,,,Alibaba,,,,,,,,,,,,,,,,,,,,,,,,,,,,,,
Delta Air Lines,Prev. Close,56.12,,,,,,,,,,,,,,,,,,,,,,,,,,,,,,,
Delta Air Lines,Day's Range,55.55 - 56.38,,,,,,,,,,,,,,,,,,,,,,,,,,,,,,,
Delta Air Lines,Revenue,43.94B,,,,,,,,,,,,,,,,,,,,,,,,,,,,,,,
Delta Air Lines,Open,56.02,,,,,,,,,,,,,,,,,,,,,,,,,,,,,,,
Delta Air Lines,52 wk Range,48.33 - 60.79,,,,,,,,,,,,,,,,,,,,,,,,,,,,,,,
Delta Air Lines,EPS,5.17,,,,,,,,,,,,,,,,,,,,,,,,,,,,,,,
Delta Air Lines,Volume,"5,206,029",,,,,,,,,,,,,,,,,,,,,,,,,,,,,,,
Delta Air Lines,Market Cap,38.43B,,,,,,,,,,,,,,,,,,,,,,,,,,,,,,,
Delta Air Lines,Dividend (Yield),1.40 (2.62%),,,,,,,,,,,,,,,,,,,,,,,,,,,,,,,
Delta Air Lines,Average Vol. (3m),"5,986,735",,,,,,,,,,,,,,,,,,,,,,,,,,,,,,,
Delta Air Lines,P/E Ratio,10.85,,,,,,,,,,,,,,,,,,,,,,,,,,,,,,,
Delta Air Lines,Beta,0.9,,,,,,,,,,,,,,,,,,,,,,,,,,,,,,,
Delta Air Lines,1-Year Change,11.21%,,,,,,,,,,,,,,,,,,,,,,,,,,,,,,,
Delta Air Lines,Shares Outstanding,"685,618,701",,,,,,,,,,,,,,,,,,,,,,,,,,,,,,,
Delta Air Lines,Next Earnings Date,9-Jan-19,,,,,,,,,,,,,,,,,,,,,,,,,,,,,,,
,,,Apple,,,,,,,,,,,,,,,,,,,,,,,,,,,,,,
,,,Yes Bank,,,,,,,,,,,,,,,,,,,,,,,,,,,,,,
,,,Tata Motors,,,,,,,,,,,,,,,,,,,,,,,,,,,,,,
,,,SBI,,,,,,,,,,,,,,,,,,,,,,,,,,,,,,
,,,Amazon.com,,,,,,,,,,,,,,,,,,,,,,,,,,,,,,
,,,Cipla,,,,,,,,,,,,,,,,,,,,,,,,,,,,,,
,,,Facebook,,,,,,,,,,,,,,,,,,,,,,,,,,,,,,
,,,Tesla,,,,,,,,,,,,,,,,,,,,,,,,,,,,,,
,,,Dewan Housing,,,,,,,,,,,,,,,,,,,,,,,,,,,,,,
,,,Alibaba,,,,,,,,,,,,,,,,,,,,,,,,,,,,,,
Exxon Mobil,Prev. Close,81.95,,,,,,,,,,,,,,,,,,,,,,,,,,,,,,,
Exxon Mobil,Day's Range,81.44 - 82.87,,,,,,,,,,,,,,,,,,,,,,,,,,,,,,,
Exxon Mobil,Revenue,264.33B,,,,,,,,,,,,,,,,,,,,,,,,,,,,,,,
Exxon Mobil,Open,82.5,,,,,,,,,,,,,,,,,,,,,,,,,,,,,,,
Exxon Mobil,52 wk Range,72.16 - 89.3,,,,,,,,,,,,,,,,,,,,,,,,,,,,,,,
Exxon Mobil,EPS,4.05,,,,,,,,,,,,,,,,,,,,,,,,,,,,,,,
Exxon Mobil,Volume,"15,814,958",,,,,,,,,,,,,,,,,,,,,,,,,,,,,,,
Exxon Mobil,Market Cap,345.65B,,,,,,,,,,,,,,,,,,,,,,,,,,,,,,,
Exxon Mobil,Dividend (Yield),3.28 (4.11%),,,,,,,,,,,,,,,,,,,,,,,,,,,,,,,
Exxon Mobil,Average Vol. (3m),"11,806,238",,,,,,,,,,,,,,,,,,,,,,,,,,,,,,,
Exxon Mobil,P/E Ratio,20.18,,,,,,,,,,,,,,,,,,,,,,,,,,,,,,,
Exxon Mobil,Beta,0.83,,,,,,,,,,,,,,,,,,,,,,,,,,,,,,,
Exxon Mobil,1-Year Change,-1.85%,,,,,,,,,,,,,,,,,,,,,,,,,,,,,,,
Exxon Mobil,Shares Outstanding,"4,234,000,000",,,,,,,,,,,,,,,,,,,,,,,,,,,,,,,
Exxon Mobil,Next Earnings Date,31-Jan-19,,,,,,,,,,,,,,,,,,,,,,,,,,,,,,,
,,,Apple,,,,,,,,,,,,,,,,,,,,,,,,,,,,,,
,,,Yes Bank,,,,,,,,,,,,,,,,,,,,,,,,,,,,,,
,,,Tata Motors,,,,,,,,,,,,,,,,,,,,,,,,,,,,,,
,,,SBI,,,,,,,,,,,,,,,,,,,,,,,,,,,,,,
,,,Amazon.com,,,,,,,,,,,,,,,,,,,,,,,,,,,,,,
,,,Cipla,,,,,,,,,,,,,,,,,,,,,,,,,,,,,,
,,,Facebook,,,,,,,,,,,,,,,,,,,,,,,,,,,,,,
,,,Tesla,,,,,,,,,,,,,,,,,,,,,,,,,,,,,,
,,,Dewan Housing,,,,,,,,,,,,,,,,,,,,,,,,,,,,,,
,,,Alibaba,,,,,,,,,,,,,,,,,,,,,,,,,,,,,,
Facebook,,,,,,,,,,,,,,,,,,,,,,,,,,,,,,,,,
Fitbit Inc,Prev. Close,6.1,,,,,,,,,,,,,,,,,,,,,,,,,,,,,,,
Fitbit Inc,Day's Range,5.76 - 6.15,,,,,,,,,,,,,,,,,,,,,,,,,,,,,,,
Fitbit Inc,Revenue,1.51B,,,,,,,,,,,,,,,,,,,,,,,,,,,,,,,
Fitbit Inc,Open,6.07,,,,,,,,,,,,,,,,,,,,,,,,,,,,,,,
Fitbit Inc,52 wk Range,4.23 - 7.79,,,,,,,,,,,,,,,,,,,,,,,,,,,,,,,
Fitbit Inc,EPS,-0.83,,,,,,,,,,,,,,,,,,,,,,,,,,,,,,,
Fitbit Inc,Volume,"9,872,024",,,,,,,,,,,,,,,,,,,,,,,,,,,,,,,
Fitbit Inc,Market Cap,1.45B,,,,,,,,,,,,,,,,,,,,,,,,,,,,,,,
Fitbit Inc,Dividend (Yield),N/A (N/A),,,,,,,,,,,,,,,,,,,,,,,,,,,,,,,
Fitbit Inc,Average Vol. (3m),"6,407,501",,,,,,,,,,,,,,,,,,,,,,,,,,,,,,,
Fitbit Inc,P/E Ratio,N/A,,,,,,,,,,,,,,,,,,,,,,,,,,,,,,,
Fitbit Inc,Beta,1.69,,,,,,,,,,,,,,,,,,,,,,,,,,,,,,,
Fitbit Inc,1-Year Change,-1.99%,,,,,,,,,,,,,,,,,,,,,,,,,,,,,,,
Fitbit Inc,Shares Outstanding,"245,371,897",,,,,,,,,,,,,,,,,,,,,,,,,,,,,,,
Fitbit Inc,Next Earnings Date,25-Feb-19,,,,,,,,,,,,,,,,,,,,,,,,,,,,,,,
,,,Apple,,,,,,,,,,,,,,,,,,,,,,,,,,,,,,
,,,Yes Bank,,,,,,,,,,,,,,,,,,,,,,,,,,,,,,
,,,Tata Motors,,,,,,,,,,,,,,,,,,,,,,,,,,,,,,
,,,SBI,,,,,,,,,,,,,,,,,,,,,,,,,,,,,,
,,,Amazon.com,,,,,,,,,,,,,,,,,,,,,,,,,,,,,,
,,,Cipla,,,,,,,,,,,,,,,,,,,,,,,,,,,,,,
,,,Facebook,,,,,,,,,,,,,,,,,,,,,,,,,,,,,,
,,,Tesla,,,,,,,,,,,,,,,,,,,,,,,,,,,,,,
,,,Dewan Housing,,,,,,,,,,,,,,,,,,,,,,,,,,,,,,
,,,Alibaba,,,,,,,,,,,,,,,,,,,,,,,,,,,,,,
General Electric,Prev. Close,9.29,,,,,,,,,,,,,,,,,,,,,,,,,,,,,,,
General Electric,Day's Range,9.27 - 9.53,,,,,,,,,,,,,,,,,,,,,,,,,,,,,,,
General Electric,Revenue,120.73B,,,,,,,,,,,,,,,,,,,,,,,,,,,,,,,
General Electric,Open,9.39,,,,,,,,,,,,,,,,,,,,,,,,,,,,,,,
General Electric,52 wk Range,9.06 - 20.75,,,,,,,,,,,,,,,,,,,,,,,,,,,,,,,
General Electric,EPS,-3.26,,,,,,,,,,,,,,,,,,,,,,,,,,,,,,,
General Electric,Volume,"124,389,024",,,,,,,,,,,,,,,,,,,,,,,,,,,,,,,
General Electric,Market Cap,80.72B,,,,,,,,,,,,,,,,,,,,,,,,,,,,,,,
General Electric,Dividend (Yield),0.48 (3.78%),,,,,,,,,,,,,,,,,,,,,,,,,,,,,,,
General Electric,Average Vol. (3m),"88,395,784",,,,,,,,,,,,,,,,,,,,,,,,,,,,,,,
General Electric,P/E Ratio,N/A,,,,,,,,,,,,,,,,,,,,,,,,,,,,,,,
General Electric,Beta,0.94,,,,,,,,,,,,,,,,,,,,,,,,,,,,,,,
General Electric,1-Year Change,-53.92%,,,,,,,,,,,,,,,,,,,,,,,,,,,,,,,
General Electric,Shares Outstanding,"8,698,115,000",,,,,,,,,,,,,,,,,,,,,,,,,,,,,,,
General Electric,Next Earnings Date,22-Jan-19,,,,,,,,,,,,,,,,,,,,,,,,,,,,,,,
,,,Apple,,,,,,,,,,,,,,,,,,,,,,,,,,,,,,
,,,Yes Bank,,,,,,,,,,,,,,,,,,,,,,,,,,,,,,
,,,Tata Motors,,,,,,,,,,,,,,,,,,,,,,,,,,,,,,
,,,SBI,,,,,,,,,,,,,,,,,,,,,,,,,,,,,,
,,,Amazon.com,,,,,,,,,,,,,,,,,,,,,,,,,,,,,,
,,,Cipla,,,,,,,,,,,,,,,,,,,,,,,,,,,,,,
,,,Facebook,,,,,,,,,,,,,,,,,,,,,,,,,,,,,,
,,,Tesla,,,,,,,,,,,,,,,,,,,,,,,,,,,,,,
,,,Dewan Housing,,,,,,,,,,,,,,,,,,,,,,,,,,,,,,
,,,Alibaba,,,,,,,,,,,,,,,,,,,,,,,,,,,,,,
Gilead,Prev. Close,69.44,,,,,,,,,,,,,,,,,,,,,,,,,,,,,,,
Gilead,Day's Range,68.96 - 70.17,,,,,,,,,,,,,,,,,,,,,,,,,,,,,,,
Gilead,Revenue,22.28B,,,,,,,,,,,,,,,,,,,,,,,,,,,,,,,
Gilead,Open,69.88,,,,,,,,,,,,,,,,,,,,,,,,,,,,,,,
Gilead,52 wk Range,64.27 - 89.54,,,,,,,,,,,,,,,,,,,,,,,,,,,,,,,
Gilead,EPS,5.4,,,,,,,,,,,,,,,,,,,,,,,,,,,,,,,
Gilead,Volume,"6,087,792",,,,,,,,,,,,,,,,,,,,,,,,,,,,,,,
Gilead,Market Cap,90.2B,,,,,,,,,,,,,,,,,,,,,,,,,,,,,,,
Gilead,Dividend (Yield),2.28 (3.18%),,,,,,,,,,,,,,,,,,,,,,,,,,,,,,,
Gilead,Average Vol. (3m),"6,621,216",,,,,,,,,,,,,,,,,,,,,,,,,,,,,,,
Gilead,P/E Ratio,12.89,,,,,,,,,,,,,,,,,,,,,,,,,,,,,,,
Gilead,Beta,1.02,,,,,,,,,,,,,,,,,,,,,,,,,,,,,,,
Gilead,1-Year Change,-5.28%,,,,,,,,,,,,,,,,,,,,,,,,,,,,,,,
Gilead,Shares Outstanding,"1,294,000,000",,,,,,,,,,,,,,,,,,,,,,,,,,,,,,,
Gilead,Next Earnings Date,4-Feb-19,,,,,,,,,,,,,,,,,,,,,,,,,,,,,,,
,,,Apple,,,,,,,,,,,,,,,,,,,,,,,,,,,,,,
,,,Yes Bank,,,,,,,,,,,,,,,,,,,,,,,,,,,,,,
,,,Tata Motors,,,,,,,,,,,,,,,,,,,,,,,,,,,,,,
,,,SBI,,,,,,,,,,,,,,,,,,,,,,,,,,,,,,
,,,Amazon.com,,,,,,,,,,,,,,,,,,,,,,,,,,,,,,
,,,Cipla,,,,,,,,,,,,,,,,,,,,,,,,,,,,,,
,,,Facebook,,,,,,,,,,,,,,,,,,,,,,,,,,,,,,
,,,Tesla,,,,,,,,,,,,,,,,,,,,,,,,,,,,,,
,,,Dewan Housing,,,,,,,,,,,,,,,,,,,,,,,,,,,,,,
,,,Alibaba,,,,,,,,,,,,,,,,,,,,,,,,,,,,,,
Home Depot,Prev. Close,179.93,,,,,,,,,,,,,,,,,,,,,,,,,,,,,,,
Home Depot,Day's Range,179.3 - 182.41,,,,,,,,,,,,,,,,,,,,,,,,,,,,,,,
Home Depot,Revenue,104.32B,,,,,,,,,,,,,,,,,,,,,,,,,,,,,,,
Home Depot,Open,181.02,,,,,,,,,,,,,,,,,,,,,,,,,,,,,,,
Home Depot,52 wk Range,162.28 - 215.43,,,,,,,,,,,,,,,,,,,,,,,,,,,,,,,
Home Depot,EPS,8.84,,,,,,,,,,,,,,,,,,,,,,,,,,,,,,,
Home Depot,Volume,"3,885,319",,,,,,,,,,,,,,,,,,,,,,,,,,,,,,,
Home Depot,Market Cap,208.45B,,,,,,,,,,,,,,,,,,,,,,,,,,,,,,,
Home Depot,Dividend (Yield),4.12 (2.31%),,,,,,,,,,,,,,,,,,,,,,,,,,,,,,,
Home Depot,Average Vol. (3m),"4,770,219",,,,,,,,,,,,,,,,,,,,,,,,,,,,,,,
Home Depot,P/E Ratio,20.61,,,,,,,,,,,,,,,,,,,,,,,,,,,,,,,
Home Depot,Beta,1.27,,,,,,,,,,,,,,,,,,,,,,,,,,,,,,,
Home Depot,1-Year Change,10.83%,,,,,,,,,,,,,,,,,,,,,,,,,,,,,,,
Home Depot,Shares Outstanding,"1,153,543,611",,,,,,,,,,,,,,,,,,,,,,,,,,,,,,,
Home Depot,Next Earnings Date,13-Nov-18,,,,,,,,,,,,,,,,,,,,,,,,,,,,,,,
,,,Apple,,,,,,,,,,,,,,,,,,,,,,,,,,,,,,
,,,Yes Bank,,,,,,,,,,,,,,,,,,,,,,,,,,,,,,
,,,Tata Motors,,,,,,,,,,,,,,,,,,,,,,,,,,,,,,
,,,SBI,,,,,,,,,,,,,,,,,,,,,,,,,,,,,,
,,,Amazon.com,,,,,,,,,,,,,,,,,,,,,,,,,,,,,,
,,,Cipla,,,,,,,,,,,,,,,,,,,,,,,,,,,,,,
,,,Facebook,,,,,,,,,,,,,,,,,,,,,,,,,,,,,,
,,,Tesla,,,,,,,,,,,,,,,,,,,,,,,,,,,,,,
,,,Dewan Housing,,,,,,,,,,,,,,,,,,,,,,,,,,,,,,
,,,Alibaba,,,,,,,,,,,,,,,,,,,,,,,,,,,,,,
IBM,Prev. Close,115.67,,,,,,,,,,,,,,,,,,,,,,,,,,,,,,,
IBM,Day's Range,116 - 120.77,,,,,,,,,,,,,,,,,,,,,,,,,,,,,,,
IBM,Revenue,80.37B,,,,,,,,,,,,,,,,,,,,,,,,,,,,,,,
IBM,Open,116.1,,,,,,,,,,,,,,,,,,,,,,,,,,,,,,,
IBM,52 wk Range,114.09 - 171.13,,,,,,,,,,,,,,,,,,,,,,,,,,,,,,,
IBM,EPS,12.25,,,,,,,,,,,,,,,,,,,,,,,,,,,,,,,
IBM,Volume,"9,144,598",,,,,,,,,,,,,,,,,,,,,,,,,,,,,,,
IBM,Market Cap,109.11B,,,,,,,,,,,,,,,,,,,,,,,,,,,,,,,
IBM,Dividend (Yield),6.28 (4.79%),,,,,,,,,,,,,,,,,,,,,,,,,,,,,,,
IBM,Average Vol. (3m),"6,003,428",,,,,,,,,,,,,,,,,,,,,,,,,,,,,,,
IBM,P/E Ratio,9.8,,,,,,,,,,,,,,,,,,,,,,,,,,,,,,,
IBM,Beta,1.17,,,,,,,,,,,,,,,,,,,,,,,,,,,,,,,
IBM,1-Year Change,-20.79%,,,,,,,,,,,,,,,,,,,,,,,,,,,,,,,
IBM,Shares Outstanding,"908,793,777",,,,,,,,,,,,,,,,,,,,,,,,,,,,,,,
IBM,Next Earnings Date,22-Jan-19,,,,,,,,,,,,,,,,,,,,,,,,,,,,,,,
,,,Apple,,,,,,,,,,,,,,,,,,,,,,,,,,,,,,
,,,Yes Bank,,,,,,,,,,,,,,,,,,,,,,,,,,,,,,
,,,Tata Motors,,,,,,,,,,,,,,,,,,,,,,,,,,,,,,
,,,SBI,,,,,,,,,,,,,,,,,,,,,,,,,,,,,,
,,,Amazon.com,,,,,,,,,,,,,,,,,,,,,,,,,,,,,,
,,,Cipla,,,,,,,,,,,,,,,,,,,,,,,,,,,,,,
,,,Facebook,,,,,,,,,,,,,,,,,,,,,,,,,,,,,,
,,,Tesla,,,,,,,,,,,,,,,,,,,,,,,,,,,,,,
,,,Dewan Housing,,,,,,,,,,,,,,,,,,,,,,,,,,,,,,
,,,Alibaba,,,,,,,,,,,,,,,,,,,,,,,,,,,,,,
Intel,Prev. Close,47.11,,,,,,,,,,,,,,,,,,,,,,,,,,,,,,,
Intel,Day's Range,46.92 - 48.25,,,,,,,,,,,,,,,,,,,,,,,,,,,,,,,
Intel,Revenue,69.24B,,,,,,,,,,,,,,,,,,,,,,,,,,,,,,,
Intel,Open,47.34,,,,,,,,,,,,,,,,,,,,,,,,,,,,,,,
Intel,52 wk Range,42.04 - 57.6,,,,,,,,,,,,,,,,,,,,,,,,,,,,,,,
Intel,EPS,4.3,,,,,,,,,,,,,,,,,,,,,,,,,,,,,,,
Intel,Volume,"23,751,221",,,,,,,,,,,,,,,,,,,,,,,,,,,,,,,
Intel,Market Cap,218.94B,,,,,,,,,,,,,,,,,,,,,,,,,,,,,,,
Intel,Dividend (Yield),1.20 (2.70%),,,,,,,,,,,,,,,,,,,,,,,,,,,,,,,
Intel,Average Vol. (3m),"25,082,302",,,,,,,,,,,,,,,,,,,,,,,,,,,,,,,
Intel,P/E Ratio,11.14,,,,,,,,,,,,,,,,,,,,,,,,,,,,,,,
Intel,Beta,0.88,,,,,,,,,,,,,,,,,,,,,,,,,,,,,,,
Intel,1-Year Change,3.52%,,,,,,,,,,,,,,,,,,,,,,,,,,,,,,,
Intel,Shares Outstanding,"4,564,000,000",,,,,,,,,,,,,,,,,,,,,,,,,,,,,,,
Intel,Next Earnings Date,24-Jan-19,,,,,,,,,,,,,,,,,,,,,,,,,,,,,,,
,,,Apple,,,,,,,,,,,,,,,,,,,,,,,,,,,,,,
,,,Yes Bank,,,,,,,,,,,,,,,,,,,,,,,,,,,,,,
,,,Tata Motors,,,,,,,,,,,,,,,,,,,,,,,,,,,,,,
,,,SBI,,,,,,,,,,,,,,,,,,,,,,,,,,,,,,
,,,Amazon.com,,,,,,,,,,,,,,,,,,,,,,,,,,,,,,
,,,Cipla,,,,,,,,,,,,,,,,,,,,,,,,,,,,,,
,,,Facebook,,,,,,,,,,,,,,,,,,,,,,,,,,,,,,
,,,Tesla,,,,,,,,,,,,,,,,,,,,,,,,,,,,,,
,,,Dewan Housing,,,,,,,,,,,,,,,,,,,,,,,,,,,,,,
,,,Alibaba,,,,,,,,,,,,,,,,,,,,,,,,,,,,,,
J&J,Prev. Close,140.68,,,,,,,,,,,,,,,,,,,,,,,,,,,,,,,
J&J,Day's Range,139 - 142.74,,,,,,,,,,,,,,,,,,,,,,,,,,,,,,,
J&J,Revenue,81.38B,,,,,,,,,,,,,,,,,,,,,,,,,,,,,,,
J&J,Open,141,,,,,,,,,,,,,,,,,,,,,,,,,,,,,,,
J&J,52 wk Range,118.62 - 148.32,,,,,,,,,,,,,,,,,,,,,,,,,,,,,,,
J&J,EPS,5.55,,,,,,,,,,,,,,,,,,,,,,,,,,,,,,,
J&J,Volume,"5,601,398",,,,,,,,,,,,,,,,,,,,,,,,,,,,,,,
J&J,Market Cap,381.38B,,,,,,,,,,,,,,,,,,,,,,,,,,,,,,,
J&J,Dividend (Yield),3.60 (2.59%),,,,,,,,,,,,,,,,,,,,,,,,,,,,,,,
J&J,Average Vol. (3m),"6,371,290",,,,,,,,,,,,,,,,,,,,,,,,,,,,,,,
J&J,P/E Ratio,25.64,,,,,,,,,,,,,,,,,,,,,,,,,,,,,,,
J&J,Beta,0.57,,,,,,,,,,,,,,,,,,,,,,,,,,,,,,,
J&J,1-Year Change,1.51%,,,,,,,,,,,,,,,,,,,,,,,,,,,,,,,
J&J,Shares Outstanding,"2,681,977,969",,,,,,,,,,,,,,,,,,,,,,,,,,,,,,,
J&J,Next Earnings Date,21-Jan-19,,,,,,,,,,,,,,,,,,,,,,,,,,,,,,,
,,,Apple,,,,,,,,,,,,,,,,,,,,,,,,,,,,,,
,,,Yes Bank,,,,,,,,,,,,,,,,,,,,,,,,,,,,,,
,,,Tata Motors,,,,,,,,,,,,,,,,,,,,,,,,,,,,,,
,,,SBI,,,,,,,,,,,,,,,,,,,,,,,,,,,,,,
,,,Amazon.com,,,,,,,,,,,,,,,,,,,,,,,,,,,,,,
,,,Cipla,,,,,,,,,,,,,,,,,,,,,,,,,,,,,,
,,,Facebook,,,,,,,,,,,,,,,,,,,,,,,,,,,,,,
,,,Tesla,,,,,,,,,,,,,,,,,,,,,,,,,,,,,,
,,,Dewan Housing,,,,,,,,,,,,,,,,,,,,,,,,,,,,,,
,,,Alibaba,,,,,,,,,,,,,,,,,,,,,,,,,,,,,,
JPMorgan,Prev. Close,108.38,,,,,,,,,,,,,,,,,,,,,,,,,,,,,,,
JPMorgan,Day's Range,108.42 - 109.29,,,,,,,,,,,,,,,,,,,,,,,,,,,,,,,
JPMorgan,Revenue,66.33B,,,,,,,,,,,,,,,,,,,,,,,,,,,,,,,
JPMorgan,Open,108.61,,,,,,,,,,,,,,,,,,,,,,,,,,,,,,,
JPMorgan,52 wk Range,95.95 - 119.33,,,,,,,,,,,,,,,,,,,,,,,,,,,,,,,
JPMorgan,EPS,8.62,,,,,,,,,,,,,,,,,,,,,,,,,,,,,,,
JPMorgan,Volume,"10,276,448",,,,,,,,,,,,,,,,,,,,,,,,,,,,,,,
JPMorgan,Market Cap,360.41B,,,,,,,,,,,,,,,,,,,,,,,,,,,,,,,
JPMorgan,Dividend (Yield),3.20 (2.94%),,,,,,,,,,,,,,,,,,,,,,,,,,,,,,,
JPMorgan,Average Vol. (3m),"13,921,612",,,,,,,,,,,,,,,,,,,,,,,,,,,,,,,
JPMorgan,P/E Ratio,12.57,,,,,,,,,,,,,,,,,,,,,,,,,,,,,,,
JPMorgan,Beta,1.11,,,,,,,,,,,,,,,,,,,,,,,,,,,,,,,
JPMorgan,1-Year Change,7.57%,,,,,,,,,,,,,,,,,,,,,,,,,,,,,,,
JPMorgan,Shares Outstanding,"3,325,410,725",,,,,,,,,,,,,,,,,,,,,,,,,,,,,,,
JPMorgan,Next Earnings Date,15-Jan-19,,,,,,,,,,,,,,,,,,,,,,,,,,,,,,,
,,,Apple,,,,,,,,,,,,,,,,,,,,,,,,,,,,,,
,,,Yes Bank,,,,,,,,,,,,,,,,,,,,,,,,,,,,,,
,,,Tata Motors,,,,,,,,,,,,,,,,,,,,,,,,,,,,,,
,,,SBI,,,,,,,,,,,,,,,,,,,,,,,,,,,,,,
,,,Amazon.com,,,,,,,,,,,,,,,,,,,,,,,,,,,,,,
,,,Cipla,,,,,,,,,,,,,,,,,,,,,,,,,,,,,,
,,,Facebook,,,,,,,,,,,,,,,,,,,,,,,,,,,,,,
,,,Tesla,,,,,,,,,,,,,,,,,,,,,,,,,,,,,,
,,,Dewan Housing,,,,,,,,,,,,,,,,,,,,,,,,,,,,,,
,,,Alibaba,,,,,,,,,,,,,,,,,,,,,,,,,,,,,,
McDonalds,Prev. Close,176.75,,,,,,,,,,,,,,,,,,,,,,,,,,,,,,,
McDonalds,Day's Range,177 - 181.1,,,,,,,,,,,,,,,,,,,,,,,,,,,,,,,
McDonalds,Revenue,21.2B,,,,,,,,,,,,,,,,,,,,,,,,,,,,,,,
McDonalds,Open,177.41,,,,,,,,,,,,,,,,,,,,,,,,,,,,,,,
McDonalds,52 wk Range,146.84 - 181.1,,,,,,,,,,,,,,,,,,,,,,,,,,,,,,,
McDonalds,EPS,7.53,,,,,,,,,,,,,,,,,,,,,,,,,,,,,,,
McDonalds,Volume,"4,747,298",,,,,,,,,,,,,,,,,,,,,,,,,,,,,,,
McDonalds,Market Cap,137.12B,,,,,,,,,,,,,,,,,,,,,,,,,,,,,,,
McDonalds,Dividend (Yield),4.64 (2.65%),,,,,,,,,,,,,,,,,,,,,,,,,,,,,,,
McDonalds,Average Vol. (3m),"3,733,055",,,,,,,,,,,,,,,,,,,,,,,,,,,,,,,
McDonalds,P/E Ratio,23.48,,,,,,,,,,,,,,,,,,,,,,,,,,,,,,,
McDonalds,Beta,0.53,,,,,,,,,,,,,,,,,,,,,,,,,,,,,,,
McDonalds,1-Year Change,6.96%,,,,,,,,,,,,,,,,,,,,,,,,,,,,,,,
McDonalds,Shares Outstanding,"775,800,000",,,,,,,,,,,,,,,,,,,,,,,,,,,,,,,
McDonalds,Next Earnings Date,28-Jan-19,,,,,,,,,,,,,,,,,,,,,,,,,,,,,,,
,,,Apple,,,,,,,,,,,,,,,,,,,,,,,,,,,,,,
,,,Yes Bank,,,,,,,,,,,,,,,,,,,,,,,,,,,,,,
,,,Tata Motors,,,,,,,,,,,,,,,,,,,,,,,,,,,,,,
,,,SBI,,,,,,,,,,,,,,,,,,,,,,,,,,,,,,
,,,Amazon.com,,,,,,,,,,,,,,,,,,,,,,,,,,,,,,
,,,Cipla,,,,,,,,,,,,,,,,,,,,,,,,,,,,,,
,,,Facebook,,,,,,,,,,,,,,,,,,,,,,,,,,,,,,
,,,Tesla,,,,,,,,,,,,,,,,,,,,,,,,,,,,,,
,,,Dewan Housing,,,,,,,,,,,,,,,,,,,,,,,,,,,,,,
,,,Alibaba,,,,,,,,,,,,,,,,,,,,,,,,,,,,,,
Merck&Co,Prev. Close,72.27,,,,,,,,,,,,,,,,,,,,,,,,,,,,,,,
Merck&Co,Day's Range,70.12 - 73.57,,,,,,,,,,,,,,,,,,,,,,,,,,,,,,,
Merck&Co,Revenue,41.73B,,,,,,,,,,,,,,,,,,,,,,,,,,,,,,,
Merck&Co,Open,71.96,,,,,,,,,,,,,,,,,,,,,,,,,,,,,,,
Merck&Co,52 wk Range,52.83 - 74.49,,,,,,,,,,,,,,,,,,,,,,,,,,,,,,,
Merck&Co,EPS,2.21,,,,,,,,,,,,,,,,,,,,,,,,,,,,,,,
Merck&Co,Volume,"12,330,465",,,,,,,,,,,,,,,,,,,,,,,,,,,,,,,
Merck&Co,Market Cap,194.46B,,,,,,,,,,,,,,,,,,,,,,,,,,,,,,,
Merck&Co,Dividend (Yield),2.20 (3.01%),,,,,,,,,,,,,,,,,,,,,,,,,,,,,,,
Merck&Co,Average Vol. (3m),"9,472,632",,,,,,,,,,,,,,,,,,,,,,,,,,,,,,,
Merck&Co,P/E Ratio,33.16,,,,,,,,,,,,,,,,,,,,,,,,,,,,,,,
Merck&Co,Beta,0.72,,,,,,,,,,,,,,,,,,,,,,,,,,,,,,,
Merck&Co,1-Year Change,30.43%,,,,,,,,,,,,,,,,,,,,,,,,,,,,,,,
Merck&Co,Shares Outstanding,"2,659,525,311",,,,,,,,,,,,,,,,,,,,,,,,,,,,,,,
Merck&Co,Next Earnings Date,31-Jan-19,,,,,,,,,,,,,,,,,,,,,,,,,,,,,,,
,,,Apple,,,,,,,,,,,,,,,,,,,,,,,,,,,,,,
,,,Yes Bank,,,,,,,,,,,,,,,,,,,,,,,,,,,,,,
,,,Tata Motors,,,,,,,,,,,,,,,,,,,,,,,,,,,,,,
,,,SBI,,,,,,,,,,,,,,,,,,,,,,,,,,,,,,
,,,Amazon.com,,,,,,,,,,,,,,,,,,,,,,,,,,,,,,
,,,Cipla,,,,,,,,,,,,,,,,,,,,,,,,,,,,,,
,,,Facebook,,,,,,,,,,,,,,,,,,,,,,,,,,,,,,
,,,Tesla,,,,,,,,,,,,,,,,,,,,,,,,,,,,,,
,,,Dewan Housing,,,,,,,,,,,,,,,,,,,,,,,,,,,,,,
,,,Alibaba,,,,,,,,,,,,,,,,,,,,,,,,,,,,,,
Microsoft,Prev. Close,106.16,,,,,,,,,,,,,,,,,,,,,,,,,,,,,,,
Microsoft,Day's Range,105.9 - 107.74,,,,,,,,,,,,,,,,,,,,,,,,,,,,,,,
Microsoft,Revenue,114.91B,,,,,,,,,,,,,,,,,,,,,,,,,,,,,,,
Microsoft,Open,106.37,,,,,,,,,,,,,,,,,,,,,,,,,,,,,,,
Microsoft,52 wk Range,80.7 - 116.18,,,,,,,,,,,,,,,,,,,,,,,,,,,,,,,
Microsoft,EPS,4.19,,,,,,,,,,,,,,,,,,,,,,,,,,,,,,,
Microsoft,Volume,"27,922,144",,,,,,,,,,,,,,,,,,,,,,,,,,,,,,,
Microsoft,Market Cap,825.27B,,,,,,,,,,,,,,,,,,,,,,,,,,,,,,,
Microsoft,Dividend (Yield),1.84 (1.70%),,,,,,,,,,,,,,,,,,,,,,,,,,,,,,,
Microsoft,Average Vol. (3m),"24,962,447",,,,,,,,,,,,,,,,,,,,,,,,,,,,,,,
Microsoft,P/E Ratio,25.65,,,,,,,,,,,,,,,,,,,,,,,,,,,,,,,
Microsoft,Beta,1.24,,,,,,,,,,,,,,,,,,,,,,,,,,,,,,,
Microsoft,1-Year Change,27.78%,,,,,,,,,,,,,,,,,,,,,,,,,,,,,,,
Microsoft,Shares Outstanding,"7,676,218,736",,,,,,,,,,,,,,,,,,,,,,,,,,,,,,,
Microsoft,Next Earnings Date,29-Jan-19,,,,,,,,,,,,,,,,,,,,,,,,,,,,,,,
,,,Apple,,,,,,,,,,,,,,,,,,,,,,,,,,,,,,
,,,Yes Bank,,,,,,,,,,,,,,,,,,,,,,,,,,,,,,
,,,Tata Motors,,,,,,,,,,,,,,,,,,,,,,,,,,,,,,
,,,SBI,,,,,,,,,,,,,,,,,,,,,,,,,,,,,,
,,,Amazon.com,,,,,,,,,,,,,,,,,,,,,,,,,,,,,,
,,,Cipla,,,,,,,,,,,,,,,,,,,,,,,,,,,,,,
,,,Facebook,,,,,,,,,,,,,,,,,,,,,,,,,,,,,,
,,,Tesla,,,,,,,,,,,,,,,,,,,,,,,,,,,,,,
,,,Dewan Housing,,,,,,,,,,,,,,,,,,,,,,,,,,,,,,
,,,Alibaba,,,,,,,,,,,,,,,,,,,,,,,,,,,,,,
Oracle,Prev. Close,48.83,,,,,,,,,,,,,,,,,,,,,,,,,,,,,,,
Oracle,Day's Range,48.5 - 49.13,,,,,,,,,,,,,,,,,,,,,,,,,,,,,,,
Oracle,Revenue,39.84B,,,,,,,,,,,,,,,,,,,,,,,,,,,,,,,
Oracle,Open,49,,,,,,,,,,,,,,,,,,,,,,,,,,,,,,,
Oracle,52 wk Range,42.57 - 53.48,,,,,,,,,,,,,,,,,,,,,,,,,,,,,,,
Oracle,EPS,2.62,,,,,,,,,,,,,,,,,,,,,,,,,,,,,,,
Oracle,Volume,"13,125,823",,,,,,,,,,,,,,,,,,,,,,,,,,,,,,,
Oracle,Market Cap,185B,,,,,,,,,,,,,,,,,,,,,,,,,,,,,,,
Oracle,Dividend (Yield),0.76 (1.56%),,,,,,,,,,,,,,,,,,,,,,,,,,,,,,,
Oracle,Average Vol. (3m),"18,053,049",,,,,,,,,,,,,,,,,,,,,,,,,,,,,,,
Oracle,P/E Ratio,18.65,,,,,,,,,,,,,,,,,,,,,,,,,,,,,,,
Oracle,Beta,1.12,,,,,,,,,,,,,,,,,,,,,,,,,,,,,,,
Oracle,1-Year Change,-2.31%,,,,,,,,,,,,,,,,,,,,,,,,,,,,,,,
Oracle,Shares Outstanding,"3,788,638,156",,,,,,,,,,,,,,,,,,,,,,,,,,,,,,,
Oracle,Next Earnings Date,12-Dec-18,,,,,,,,,,,,,,,,,,,,,,,,,,,,,,,
,,,Apple,,,,,,,,,,,,,,,,,,,,,,,,,,,,,,
,,,Yes Bank,,,,,,,,,,,,,,,,,,,,,,,,,,,,,,
,,,Tata Motors,,,,,,,,,,,,,,,,,,,,,,,,,,,,,,
,,,SBI,,,,,,,,,,,,,,,,,,,,,,,,,,,,,,
,,,Amazon.com,,,,,,,,,,,,,,,,,,,,,,,,,,,,,,
,,,Cipla,,,,,,,,,,,,,,,,,,,,,,,,,,,,,,
,,,Facebook,,,,,,,,,,,,,,,,,,,,,,,,,,,,,,
,,,Tesla,,,,,,,,,,,,,,,,,,,,,,,,,,,,,,
,,,Dewan Housing,,,,,,,,,,,,,,,,,,,,,,,,,,,,,,
,,,Alibaba,,,,,,,,,,,,,,,,,,,,,,,,,,,,,,
Pfizer,Prev. Close,42.93,,,,,,,,,,,,,,,,,,,,,,,,,,,,,,,
Pfizer,Day's Range,42.83 - 43.62,,,,,,,,,,,,,,,,,,,,,,,,,,,,,,,
Pfizer,Revenue,281.83M,,,,,,,,,,,,,,,,,,,,,,,,,,,,,,,
Pfizer,Open,42.83,,,,,,,,,,,,,,,,,,,,,,,,,,,,,,,
Pfizer,52 wk Range,33.2 - 45.81,,,,,,,,,,,,,,,,,,,,,,,,,,,,,,,
Pfizer,EPS,2.4,,,,,,,,,,,,,,,,,,,,,,,,,,,,,,,
Pfizer,Volume,"20,520,313",,,,,,,,,,,,,,,,,,,,,,,,,,,,,,,
Pfizer,Market Cap,255.12B,,,,,,,,,,,,,,,,,,,,,,,,,,,,,,,
Pfizer,Dividend (Yield),1.36 (3.08%),,,,,,,,,,,,,,,,,,,,,,,,,,,,,,,
Pfizer,Average Vol. (3m),"21,157,000",,,,,,,,,,,,,,,,,,,,,,,,,,,,,,,
Pfizer,P/E Ratio,18.15,,,,,,,,,,,,,,,,,,,,,,,,,,,,,,,
Pfizer,Beta,0.86,,,,,,,,,,,,,,,,,,,,,,,,,,,,,,,
Pfizer,1-Year Change,22.42%,,,,,,,,,,,,,,,,,,,,,,,,,,,,,,,
Pfizer,Shares Outstanding,"5,862,109,503",,,,,,,,,,,,,,,,,,,,,,,,,,,,,,,
Pfizer,Next Earnings Date,28-Jan-19,,,,,,,,,,,,,,,,,,,,,,,,,,,,,,,
,,,Apple,,,,,,,,,,,,,,,,,,,,,,,,,,,,,,
,,,Yes Bank,,,,,,,,,,,,,,,,,,,,,,,,,,,,,,
,,,Tata Motors,,,,,,,,,,,,,,,,,,,,,,,,,,,,,,
,,,SBI,,,,,,,,,,,,,,,,,,,,,,,,,,,,,,
,,,Amazon.com,,,,,,,,,,,,,,,,,,,,,,,,,,,,,,
,,,Cipla,,,,,,,,,,,,,,,,,,,,,,,,,,,,,,
,,,Facebook,,,,,,,,,,,,,,,,,,,,,,,,,,,,,,
,,,Tesla,,,,,,,,,,,,,,,,,,,,,,,,,,,,,,
,,,Dewan Housing,,,,,,,,,,,,,,,,,,,,,,,,,,,,,,
,,,Alibaba,,,,,,,,,,,,,,,,,,,,,,,,,,,,,,
Procter&Gamble,Prev. Close,89.81,,,,,,,,,,,,,,,,,,,,,,,,,,,,,,,
Procter&Gamble,Day's Range,89.82 - 91.44,,,,,,,,,,,,,,,,,,,,,,,,,,,,,,,
Procter&Gamble,Revenue,354.29M,,,,,,,,,,,,,,,,,,,,,,,,,,,,,,,
Procter&Gamble,Open,89.89,,,,,,,,,,,,,,,,,,,,,,,,,,,,,,,
Procter&Gamble,52 wk Range,70.73 - 93.14,,,,,,,,,,,,,,,,,,,,,,,,,,,,,,,
Procter&Gamble,EPS,4.05,,,,,,,,,,,,,,,,,,,,,,,,,,,,,,,
Procter&Gamble,Volume,"12,270,358",,,,,,,,,,,,,,,,,,,,,,,,,,,,,,,
Procter&Gamble,Market Cap,227.22B,,,,,,,,,,,,,,,,,,,,,,,,,,,,,,,
Procter&Gamble,Dividend (Yield),2.87 (3.29%),,,,,,,,,,,,,,,,,,,,,,,,,,,,,,,
Procter&Gamble,Average Vol. (3m),"8,706,132",,,,,,,,,,,,,,,,,,,,,,,,,,,,,,,
Procter&Gamble,P/E Ratio,22.49,,,,,,,,,,,,,,,,,,,,,,,,,,,,,,,
Procter&Gamble,Beta,0.36,,,,,,,,,,,,,,,,,,,,,,,,,,,,,,,
Procter&Gamble,1-Year Change,5.34%,,,,,,,,,,,,,,,,,,,,,,,,,,,,,,,
Procter&Gamble,Shares Outstanding,"2,498,000,000",,,,,,,,,,,,,,,,,,,,,,,,,,,,,,,
Procter&Gamble,Next Earnings Date,21-Jan-19,,,,,,,,,,,,,,,,,,,,,,,,,,,,,,,
,,,Apple,,,,,,,,,,,,,,,,,,,,,,,,,,,,,,
,,,Yes Bank,,,,,,,,,,,,,,,,,,,,,,,,,,,,,,
,,,Tata Motors,,,,,,,,,,,,,,,,,,,,,,,,,,,,,,
,,,SBI,,,,,,,,,,,,,,,,,,,,,,,,,,,,,,
,,,Amazon.com,,,,,,,,,,,,,,,,,,,,,,,,,,,,,,
,,,Cipla,,,,,,,,,,,,,,,,,,,,,,,,,,,,,,
,,,Facebook,,,,,,,,,,,,,,,,,,,,,,,,,,,,,,
,,,Tesla,,,,,,,,,,,,,,,,,,,,,,,,,,,,,,
,,,Dewan Housing,,,,,,,,,,,,,,,,,,,,,,,,,,,,,,
,,,Alibaba,,,,,,,,,,,,,,,,,,,,,,,,,,,,,,
Qualcomm,Prev. Close,63.33,,,,,,,,,,,,,,,,,,,,,,,,,,,,,,,
Qualcomm,Day's Range,62.66 - 63.8,,,,,,,,,,,,,,,,,,,,,,,,,,,,,,,
Qualcomm,Revenue,22.83B,,,,,,,,,,,,,,,,,,,,,,,,,,,,,,,
Qualcomm,Open,63.08,,,,,,,,,,,,,,,,,,,,,,,,,,,,,,,
Qualcomm,52 wk Range,48.56 - 76.5,,,,,,,,,,,,,,,,,,,,,,,,,,,,,,,
Qualcomm,EPS,-2.47,,,,,,,,,,,,,,,,,,,,,,,,,,,,,,,
Qualcomm,Volume,"13,373,798",,,,,,,,,,,,,,,,,,,,,,,,,,,,,,,
Qualcomm,Market Cap,93.24B,,,,,,,,,,,,,,,,,,,,,,,,,,,,,,,
Qualcomm,Dividend (Yield),2.48 (3.74%),,,,,,,,,,,,,,,,,,,,,,,,,,,,,,,
Qualcomm,Average Vol. (3m),"10,128,233",,,,,,,,,,,,,,,,,,,,,,,,,,,,,,,
Qualcomm,P/E Ratio,N/A,,,,,,,,,,,,,,,,,,,,,,,,,,,,,,,
Qualcomm,Beta,1.68,,,,,,,,,,,,,,,,,,,,,,,,,,,,,,,
Qualcomm,1-Year Change,2.69%,,,,,,,,,,,,,,,,,,,,,,,,,,,,,,,
Qualcomm,Shares Outstanding,"1,469,111,039",,,,,,,,,,,,,,,,,,,,,,,,,,,,,,,
Qualcomm,Next Earnings Date,7-Nov-18,,,,,,,,,,,,,,,,,,,,,,,,,,,,,,,
,,,Apple,,,,,,,,,,,,,,,,,,,,,,,,,,,,,,
,,,Yes Bank,,,,,,,,,,,,,,,,,,,,,,,,,,,,,,
,,,Tata Motors,,,,,,,,,,,,,,,,,,,,,,,,,,,,,,
,,,SBI,,,,,,,,,,,,,,,,,,,,,,,,,,,,,,
,,,Amazon.com,,,,,,,,,,,,,,,,,,,,,,,,,,,,,,
,,,Cipla,,,,,,,,,,,,,,,,,,,,,,,,,,,,,,
,,,Facebook,,,,,,,,,,,,,,,,,,,,,,,,,,,,,,
,,,Tesla,,,,,,,,,,,,,,,,,,,,,,,,,,,,,,
,,,Dewan Housing,,,,,,,,,,,,,,,,,,,,,,,,,,,,,,
,,,Alibaba,,,,,,,,,,,,,,,,,,,,,,,,,,,,,,
Regeneron Pharma,Prev. Close,352.59,,,,,,,,,,,,,,,,,,,,,,,,,,,,,,,
Regeneron Pharma,Day's Range,352.62 - 360.6,,,,,,,,,,,,,,,,,,,,,,,,,,,,,,,
Regeneron Pharma,Revenue,6.2B,,,,,,,,,,,,,,,,,,,,,,,,,,,,,,,
Regeneron Pharma,Open,354.36,,,,,,,,,,,,,,,,,,,,,,,,,,,,,,,
Regeneron Pharma,52 wk Range,281.89 - 432.5,,,,,,,,,,,,,,,,,,,,,,,,,,,,,,,
Regeneron Pharma,EPS,16.61,,,,,,,,,,,,,,,,,,,,,,,,,,,,,,,
Regeneron Pharma,Volume,"819,081",,,,,,,,,,,,,,,,,,,,,,,,,,,,,,,
Regeneron Pharma,Market Cap,37.67B,,,,,,,,,,,,,,,,,,,,,,,,,,,,,,,
Regeneron Pharma,Dividend (Yield),N/A (N/A),,,,,,,,,,,,,,,,,,,,,,,,,,,,,,,
Regeneron Pharma,Average Vol. (3m),"790,988",,,,,,,,,,,,,,,,,,,,,,,,,,,,,,,
Regeneron Pharma,P/E Ratio,21.37,,,,,,,,,,,,,,,,,,,,,,,,,,,,,,,
Regeneron Pharma,Beta,1.35,,,,,,,,,,,,,,,,,,,,,,,,,,,,,,,
Regeneron Pharma,1-Year Change,-13.09%,,,,,,,,,,,,,,,,,,,,,,,,,,,,,,,
Regeneron Pharma,Shares Outstanding,"108,056,348",,,,,,,,,,,,,,,,,,,,,,,,,,,,,,,
Regeneron Pharma,Next Earnings Date,6-Nov-18,,,,,,,,,,,,,,,,,,,,,,,,,,,,,,,
,,,Apple,,,,,,,,,,,,,,,,,,,,,,,,,,,,,,
,,,Yes Bank,,,,,,,,,,,,,,,,,,,,,,,,,,,,,,
,,,Tata Motors,,,,,,,,,,,,,,,,,,,,,,,,,,,,,,
,,,SBI,,,,,,,,,,,,,,,,,,,,,,,,,,,,,,
,,,Amazon.com,,,,,,,,,,,,,,,,,,,,,,,,,,,,,,
,,,Cipla,,,,,,,,,,,,,,,,,,,,,,,,,,,,,,
,,,Facebook,,,,,,,,,,,,,,,,,,,,,,,,,,,,,,
,,,Tesla,,,,,,,,,,,,,,,,,,,,,,,,,,,,,,
,,,Dewan Housing,,,,,,,,,,,,,,,,,,,,,,,,,,,,,,
,,,Alibaba,,,,,,,,,,,,,,,,,,,,,,,,,,,,,,
Schlumberger,Prev. Close,51.4,,,,,,,,,,,,,,,,,,,,,,,,,,,,,,,
Schlumberger,Day's Range,51.3 - 52.28,,,,,,,,,,,,,,,,,,,,,,,,,,,,,,,
Schlumberger,Revenue,32.82B,,,,,,,,,,,,,,,,,,,,,,,,,,,,,,,
Schlumberger,Open,51.95,,,,,,,,,,,,,,,,,,,,,,,,,,,,,,,
Schlumberger,52 wk Range,50.72 - 80.35,,,,,,,,,,,,,,,,,,,,,,,,,,,,,,,
Schlumberger,EPS,-0.42,,,,,,,,,,,,,,,,,,,,,,,,,,,,,,,
Schlumberger,Volume,"8,644,924",,,,,,,,,,,,,,,,,,,,,,,,,,,,,,,
Schlumberger,Market Cap,71.95B,,,,,,,,,,,,,,,,,,,,,,,,,,,,,,,
Schlumberger,Dividend (Yield),2.00 (3.63%),,,,,,,,,,,,,,,,,,,,,,,,,,,,,,,
Schlumberger,Average Vol. (3m),"8,316,326",,,,,,,,,,,,,,,,,,,,,,,,,,,,,,,
Schlumberger,P/E Ratio,N/A,,,,,,,,,,,,,,,,,,,,,,,,,,,,,,,
Schlumberger,Beta,1.08,,,,,,,,,,,,,,,,,,,,,,,,,,,,,,,
Schlumberger,1-Year Change,-18.28%,,,,,,,,,,,,,,,,,,,,,,,,,,,,,,,
Schlumberger,Shares Outstanding,"1,385,000,000",,,,,,,,,,,,,,,,,,,,,,,,,,,,,,,
Schlumberger,Next Earnings Date,17-Jan-19,,,,,,,,,,,,,,,,,,,,,,,,,,,,,,,
,,,Apple,,,,,,,,,,,,,,,,,,,,,,,,,,,,,,
,,,Yes Bank,,,,,,,,,,,,,,,,,,,,,,,,,,,,,,
,,,Tata Motors,,,,,,,,,,,,,,,,,,,,,,,,,,,,,,
,,,SBI,,,,,,,,,,,,,,,,,,,,,,,,,,,,,,
,,,Amazon.com,,,,,,,,,,,,,,,,,,,,,,,,,,,,,,
,,,Cipla,,,,,,,,,,,,,,,,,,,,,,,,,,,,,,
,,,Facebook,,,,,,,,,,,,,,,,,,,,,,,,,,,,,,
,,,Tesla,,,,,,,,,,,,,,,,,,,,,,,,,,,,,,
,,,Dewan Housing,,,,,,,,,,,,,,,,,,,,,,,,,,,,,,
,,,Alibaba,,,,,,,,,,,,,,,,,,,,,,,,,,,,,,
Tesla,,,,,,,,,,,,,,,,,,,,,,,,,,,,,,,,,
Twitter Inc,Prev. Close,34.3,,,,,,,,,,,,,,,,,,,,,,,,,,,,,,,
Twitter Inc,Day's Range,33.37 - 34.28,,,,,,,,,,,,,,,,,,,,,,,,,,,,,,,
Twitter Inc,Revenue,2.87B,,,,,,,,,,,,,,,,,,,,,,,,,,,,,,,
Twitter Inc,Open,34.26,,,,,,,,,,,,,,,,,,,,,,,,,,,,,,,
Twitter Inc,52 wk Range,19.36 - 47.79,,,,,,,,,,,,,,,,,,,,,,,,,,,,,,,
Twitter Inc,EPS,1.82,,,,,,,,,,,,,,,,,,,,,,,,,,,,,,,
Twitter Inc,Volume,"18,214,274",,,,,,,,,,,,,,,,,,,,,,,,,,,,,,,
Twitter Inc,Market Cap,25.9B,,,,,,,,,,,,,,,,,,,,,,,,,,,,,,,
Twitter Inc,Dividend (Yield),N/A (N/A),,,,,,,,,,,,,,,,,,,,,,,,,,,,,,,
Twitter Inc,Average Vol. (3m),"25,037,223",,,,,,,,,,,,,,,,,,,,,,,,,,,,,,,
Twitter Inc,P/E Ratio,18.64,,,,,,,,,,,,,,,,,,,,,,,,,,,,,,,
Twitter Inc,Beta,0.3,,,,,,,,,,,,,,,,,,,,,,,,,,,,,,,
Twitter Inc,1-Year Change,70.95%,,,,,,,,,,,,,,,,,,,,,,,,,,,,,,,
Twitter Inc,Shares Outstanding,"761,250,269",,,,,,,,,,,,,,,,,,,,,,,,,,,,,,,
Twitter Inc,Next Earnings Date,7-Feb-19,,,,,,,,,,,,,,,,,,,,,,,,,,,,,,,
,,,Apple,,,,,,,,,,,,,,,,,,,,,,,,,,,,,,
,,,Yes Bank,,,,,,,,,,,,,,,,,,,,,,,,,,,,,,
,,,Tata Motors,,,,,,,,,,,,,,,,,,,,,,,,,,,,,,
,,,SBI,,,,,,,,,,,,,,,,,,,,,,,,,,,,,,
,,,Amazon.com,,,,,,,,,,,,,,,,,,,,,,,,,,,,,,
,,,Cipla,,,,,,,,,,,,,,,,,,,,,,,,,,,,,,
,,,Facebook,,,,,,,,,,,,,,,,,,,,,,,,,,,,,,
,,,Tesla,,,,,,,,,,,,,,,,,,,,,,,,,,,,,,
,,,Dewan Housing,,,,,,,,,,,,,,,,,,,,,,,,,,,,,,
,,,Alibaba,,,,,,,,,,,,,,,,,,,,,,,,,,,,,,
Verizon,Prev. Close,56.63,,,,,,,,,,,,,,,,,,,,,,,,,,,,,,,
Verizon,Day's Range,56.51 - 57.45,,,,,,,,,,,,,,,,,,,,,,,,,,,,,,,
Verizon,Revenue,130.54B,,,,,,,,,,,,,,,,,,,,,,,,,,,,,,,
Verizon,Open,56.51,,,,,,,,,,,,,,,,,,,,,,,,,,,,,,,
Verizon,52 wk Range,43.97 - 58.8,,,,,,,,,,,,,,,,,,,,,,,,,,,,,,,
Verizon,EPS,3.75,,,,,,,,,,,,,,,,,,,,,,,,,,,,,,,
Verizon,Volume,"12,733,842",,,,,,,,,,,,,,,,,,,,,,,,,,,,,,,
Verizon,Market Cap,236.39B,,,,,,,,,,,,,,,,,,,,,,,,,,,,,,,
Verizon,Dividend (Yield),2.41 (4.21%),,,,,,,,,,,,,,,,,,,,,,,,,,,,,,,
Verizon,Average Vol. (3m),"15,795,118",,,,,,,,,,,,,,,,,,,,,,,,,,,,,,,
Verizon,P/E Ratio,15.26,,,,,,,,,,,,,,,,,,,,,,,,,,,,,,,
Verizon,Beta,0.49,,,,,,,,,,,,,,,,,,,,,,,,,,,,,,,
Verizon,1-Year Change,20.65%,,,,,,,,,,,,,,,,,,,,,,,,,,,,,,,
Verizon,Shares Outstanding,"4,132,015,101",,,,,,,,,,,,,,,,,,,,,,,,,,,,,,,
Verizon,Next Earnings Date,22-Jan-19,,,,,,,,,,,,,,,,,,,,,,,,,,,,,,,
,,,Apple,,,,,,,,,,,,,,,,,,,,,,,,,,,,,,
,,,Yes Bank,,,,,,,,,,,,,,,,,,,,,,,,,,,,,,
,,,Tata Motors,,,,,,,,,,,,,,,,,,,,,,,,,,,,,,
,,,SBI,,,,,,,,,,,,,,,,,,,,,,,,,,,,,,
,,,Amazon.com,,,,,,,,,,,,,,,,,,,,,,,,,,,,,,
,,,Cipla,,,,,,,,,,,,,,,,,,,,,,,,,,,,,,
,,,Facebook,,,,,,,,,,,,,,,,,,,,,,,,,,,,,,
,,,Tesla,,,,,,,,,,,,,,,,,,,,,,,,,,,,,,
,,,Dewan Housing,,,,,,,,,,,,,,,,,,,,,,,,,,,,,,
,,,Alibaba,,,,,,,,,,,,,,,,,,,,,,,,,,,,,,
Visa,Prev. Close,139.78,,,,,,,,,,,,,,,,,,,,,,,,,,,,,,,
Visa,Day's Range,138.07 - 140.21,,,,,,,,,,,,,,,,,,,,,,,,,,,,,,,
Visa,Revenue,20.03B,,,,,,,,,,,,,,,,,,,,,,,,,,,,,,,
Visa,Open,139.8,,,,,,,,,,,,,,,,,,,,,,,,,,,,,,,
Visa,52 wk Range,106.6 - 151.56,,,,,,,,,,,,,,,,,,,,,,,,,,,,,,,
Visa,EPS,N/A,,,,,,,,,,,,,,,,,,,,,,,,,,,,,,,
Visa,Volume,"6,280,034",,,,,,,,,,,,,,,,,,,,,,,,,,,,,,,
Visa,Market Cap,311.07B,,,,,,,,,,,,,,,,,,,,,,,,,,,,,,,
Visa,Dividend (Yield),1.00 (0.72%),,,,,,,,,,,,,,,,,,,,,,,,,,,,,,,
Visa,Average Vol. (3m),"8,604,711",,,,,,,,,,,,,,,,,,,,,,,,,,,,,,,
Visa,P/E Ratio,N/A,,,,,,,,,,,,,,,,,,,,,,,,,,,,,,,
Visa,Beta,1.11,,,,,,,,,,,,,,,,,,,,,,,,,,,,,,,
Visa,1-Year Change,25.54%,,,,,,,,,,,,,,,,,,,,,,,,,,,,,,,
Visa,Shares Outstanding,"2,215,301,000",,,,,,,,,,,,,,,,,,,,,,,,,,,,,,,
Visa,Next Earnings Date,30-Jan-19,,,,,,,,,,,,,,,,,,,,,,,,,,,,,,,
,,,Apple,,,,,,,,,,,,,,,,,,,,,,,,,,,,,,
,,,Yes Bank,,,,,,,,,,,,,,,,,,,,,,,,,,,,,,
,,,Tata Motors,,,,,,,,,,,,,,,,,,,,,,,,,,,,,,
,,,SBI,,,,,,,,,,,,,,,,,,,,,,,,,,,,,,
,,,Amazon.com,,,,,,,,,,,,,,,,,,,,,,,,,,,,,,
,,,Cipla,,,,,,,,,,,,,,,,,,,,,,,,,,,,,,
,,,Facebook,,,,,,,,,,,,,,,,,,,,,,,,,,,,,,
,,,Tesla,,,,,,,,,,,,,,,,,,,,,,,,,,,,,,
,,,Dewan Housing,,,,,,,,,,,,,,,,,,,,,,,,,,,,,,
,,,Alibaba,,,,,,,,,,,,,,,,,,,,,,,,,,,,,,
Walmart,Prev. Close,101.34,,,,,,,,,,,,,,,,,,,,,,,,,,,,,,,
Walmart,Day's Range,100.63 - 103.17,,,,,,,,,,,,,,,,,,,,,,,,,,,,,,,
Walmart,Revenue,510.16B,,,,,,,,,,,,,,,,,,,,,,,,,,,,,,,
Walmart,Open,101.19,,,,,,,,,,,,,,,,,,,,,,,,,,,,,,,
Walmart,52 wk Range,81.78 - 109.98,,,,,,,,,,,,,,,,,,,,,,,,,,,,,,,
Walmart,EPS,1.67,,,,,,,,,,,,,,,,,,,,,,,,,,,,,,,
Walmart,Volume,"7,616,825",,,,,,,,,,,,,,,,,,,,,,,,,,,,,,,
Walmart,Market Cap,301.4B,,,,,,,,,,,,,,,,,,,,,,,,,,,,,,,
Walmart,Dividend (Yield),2.08 (2.13%),,,,,,,,,,,,,,,,,,,,,,,,,,,,,,,
Walmart,Average Vol. (3m),"8,542,660",,,,,,,,,,,,,,,,,,,,,,,,,,,,,,,
Walmart,P/E Ratio,61.69,,,,,,,,,,,,,,,,,,,,,,,,,,,,,,,
Walmart,Beta,0.33,,,,,,,,,,,,,,,,,,,,,,,,,,,,,,,
Walmart,1-Year Change,14.75%,,,,,,,,,,,,,,,,,,,,,,,,,,,,,,,
Walmart,Shares Outstanding,"2,928,734,576",,,,,,,,,,,,,,,,,,,,,,,,,,,,,,,
Walmart,Next Earnings Date,15-Nov-18,,,,,,,,,,,,,,,,,,,,,,,,,,,,,,,
,,,Apple,,,,,,,,,,,,,,,,,,,,,,,,,,,,,,
,,,Yes Bank,,,,,,,,,,,,,,,,,,,,,,,,,,,,,,
,,,Tata Motors,,,,,,,,,,,,,,,,,,,,,,,,,,,,,,
,,,SBI,,,,,,,,,,,,,,,,,,,,,,,,,,,,,,
,,,Amazon.com,,,,,,,,,,,,,,,,,,,,,,,,,,,,,,
,,,Cipla,,,,,,,,,,,,,,,,,,,,,,,,,,,,,,
,,,Facebook,,,,,,,,,,,,,,,,,,,,,,,,,,,,,,
,,,Tesla,,,,,,,,,,,,,,,,,,,,,,,,,,,,,,
,,,Dewan Housing,,,,,,,,,,,,,,,,,,,,,,,,,,,,,,
,,,Alibaba,,,,,,,,,,,,,,,,,,,,,,,,,,,,,,
Walt Disney,Prev. Close,115.18,,,,,,,,,,,,,,,,,,,,,,,,,,,,,,,
Walt Disney,Day's Range,115.12 - 116.22,,,,,,,,,,,,,,,,,,,,,,,,,,,,,,,
Walt Disney,Revenue,57.91B,,,,,,,,,,,,,,,,,,,,,,,,,,,,,,,
Walt Disney,Open,115.74,,,,,,,,,,,,,,,,,,,,,,,,,,,,,,,
Walt Disney,52 wk Range,97.68 - 119.69,,,,,,,,,,,,,,,,,,,,,,,,,,,,,,,
Walt Disney,EPS,6.74,,,,,,,,,,,,,,,,,,,,,,,,,,,,,,,
Walt Disney,Volume,"7,921,106",,,,,,,,,,,,,,,,,,,,,,,,,,,,,,,
Walt Disney,Market Cap,171.3B,,,,,,,,,,,,,,,,,,,,,,,,,,,,,,,
Walt Disney,Dividend (Yield),1.68 (1.46%),,,,,,,,,,,,,,,,,,,,,,,,,,,,,,,
Walt Disney,Average Vol. (3m),"7,102,719",,,,,,,,,,,,,,,,,,,,,,,,,,,,,,,
Walt Disney,P/E Ratio,17.08,,,,,,,,,,,,,,,,,,,,,,,,,,,,,,,
Walt Disney,Beta,1.18,,,,,,,,,,,,,,,,,,,,,,,,,,,,,,,
Walt Disney,1-Year Change,17.04%,,,,,,,,,,,,,,,,,,,,,,,,,,,,,,,
Walt Disney,Shares Outstanding,"1,487,242,596",,,,,,,,,,,,,,,,,,,,,,,,,,,,,,,
Walt Disney,Next Earnings Date,8-Nov-18,,,,,,,,,,,,,,,,,,,,,,,,,,,,,,,
,,,Apple,,,,,,,,,,,,,,,,,,,,,,,,,,,,,,
,,,Yes Bank,,,,,,,,,,,,,,,,,,,,,,,,,,,,,,
,,,Tata Motors,,,,,,,,,,,,,,,,,,,,,,,,,,,,,,
,,,SBI,,,,,,,,,,,,,,,,,,,,,,,,,,,,,,
,,,Amazon.com,,,,,,,,,,,,,,,,,,,,,,,,,,,,,,
,,,Cipla,,,,,,,,,,,,,,,,,,,,,,,,,,,,,,
,,,Facebook,,,,,,,,,,,,,,,,,,,,,,,,,,,,,,
,,,Tesla,,,,,,,,,,,,,,,,,,,,,,,,,,,,,,
,,,Dewan Housing,,,,,,,,,,,,,,,,,,,,,,,,,,,,,,
,,,Alibaba,,,,,,,,,,,,,,,,,,,,,,,,,,,,,,
Wells Fargo&Co,Prev. Close,53.61,,,,,,,,,,,,,,,,,,,,,,,,,,,,,,,
Wells Fargo&Co,Day's Range,51.16 - 54.3,,,,,,,,,,,,,,,,,,,,,,,,,,,,,,,
Wells Fargo&Co,Revenue,50.76B,,,,,,,,,,,,,,,,,,,,,,,,,,,,,,,
Wells Fargo&Co,Open,53.73,,,,,,,,,,,,,,,,,,,,,,,,,,,,,,,
Wells Fargo&Co,52 wk Range,50.02 - 66.31,,,,,,,,,,,,,,,,,,,,,,,,,,,,,,,
Wells Fargo&Co,EPS,3.77,,,,,,,,,,,,,,,,,,,,,,,,,,,,,,,
Wells Fargo&Co,Volume,"18,989,967",,,,,,,,,,,,,,,,,,,,,,,,,,,,,,,
Wells Fargo&Co,Market Cap,252.82B,,,,,,,,,,,,,,,,,,,,,,,,,,,,,,,
Wells Fargo&Co,Dividend (Yield),1.72 (3.34%),,,,,,,,,,,,,,,,,,,,,,,,,,,,,,,
Wells Fargo&Co,Average Vol. (3m),"20,493,169",,,,,,,,,,,,,,,,,,,,,,,,,,,,,,,
Wells Fargo&Co,P/E Ratio,14.23,,,,,,,,,,,,,,,,,,,,,,,,,,,,,,,
Wells Fargo&Co,Beta,0.99,,,,,,,,,,,,,,,,,,,,,,,,,,,,,,,
Wells Fargo&Co,1-Year Change,-4.77%,,,,,,,,,,,,,,,,,,,,,,,,,,,,,,,
Wells Fargo&Co,Shares Outstanding,"4,711,561,046",,,,,,,,,,,,,,,,,,,,,,,,,,,,,,,
Wells Fargo&Co,Next Earnings Date,15-Jan-19,,,,,,,,,,,,,,,,,,,,,,,,,,,,,,,
,,,Apple,,,,,,,,,,,,,,,,,,,,,,,,,,,,,,
,,,Yes Bank,,,,,,,,,,,,,,,,,,,,,,,,,,,,,,
,,,Tata Motors,,,,,,,,,,,,,,,,,,,,,,,,,,,,,,
,,,SBI,,,,,,,,,,,,,,,,,,,,,,,,,,,,,,
,,,Amazon.com,,,,,,,,,,,,,,,,,,,,,,,,,,,,,,
,,,Cipla,,,,,,,,,,,,,,,,,,,,,,,,,,,,,,
,,,Facebook,,,,,,,,,,,,,,,,,,,,,,,,,,,,,,
,,,Tesla,,,,,,,,,,,,,,,,,,,,,,,,,,,,,,
,,,Dewan Housing,,,,,,,,,,,,,,,,,,,,,,,,,,,,,,
,,,Alibaba,,,,,,,,,,,,,,,,,,,,,,,,,,,,,,
Williams,Prev. Close,25.58,,,,,,,,,,,,,,,,,,,,,,,,,,,,,,,
Williams,Day's Range,25.07 - 25.89,,,,,,,,,,,,,,,,,,,,,,,,,,,,,,,
Williams,Revenue,8.71B,,,,,,,,,,,,,,,,,,,,,,,,,,,,,,,
Williams,Open,25.89,,,,,,,,,,,,,,,,,,,,,,,,,,,,,,,
Williams,52 wk Range,23.54 - 33.67,,,,,,,,,,,,,,,,,,,,,,,,,,,,,,,
Williams,EPS,0.18,,,,,,,,,,,,,,,,,,,,,,,,,,,,,,,
Williams,Volume,"11,007,727",,,,,,,,,,,,,,,,,,,,,,,,,,,,,,,
Williams,Market Cap,31.14B,,,,,,,,,,,,,,,,,,,,,,,,,,,,,,,
Williams,Dividend (Yield),1.36 (5.25%),,,,,,,,,,,,,,,,,,,,,,,,,,,,,,,
Williams,Average Vol. (3m),"12,914,048",,,,,,,,,,,,,,,,,,,,,,,,,,,,,,,
Williams,P/E Ratio,146.88,,,,,,,,,,,,,,,,,,,,,,,,,,,,,,,
Williams,Beta,1.6,,,,,,,,,,,,,,,,,,,,,,,,,,,,,,,
Williams,1-Year Change,-8.99%,,,,,,,,,,,,,,,,,,,,,,,,,,,,,,,
Williams,Shares Outstanding,"1,210,542,031",,,,,,,,,,,,,,,,,,,,,,,,,,,,,,,
Williams,Next Earnings Date,12-Feb-19,,,,,,,,,,,,,,,,,,,,,,,,,,,,,,,
,,,Apple,,,,,,,,,,,,,,,,,,,,,,,,,,,,,,
,,,Yes Bank,,,,,,,,,,,,,,,,,,,,,,,,,,,,,,
,,,Tata Motors,,,,,,,,,,,,,,,,,,,,,,,,,,,,,,
,,,SBI,,,,,,,,,,,,,,,,,,,,,,,,,,,,,,
,,,Amazon.com,,,,,,,,,,,,,,,,,,,,,,,,,,,,,,
,,,Cipla,,,,,,,,,,,,,,,,,,,,,,,,,,,,,,
,,,Facebook,,,,,,,,,,,,,,,,,,,,,,,,,,,,,,
,,,Tesla,,,,,,,,,,,,,,,,,,,,,,,,,,,,,,
,,,Dewan Housing,,,,,,,,,,,,,,,,,,,,,,,,,,,,,,
,,,Alibaba,,,,,,,,,,,,,,,,,,,,,,,,,,,,,,
